time,tgt_x,tgt_y,cur_x,cur_y,err_x,err_y,cmd_vx,cmd_vy,P_x,P_y,I_x,I_y,D_x,D_y
4.9891,0.0250,0.2250,0.0000,0.0000,0.0250,0.2250,0.0175,0.1577,0.0175,0.1575,0.0000,0.0002,-0.0000,-0.0000
5.0394,0.0250,0.2250,0.0000,0.0000,0.0250,0.2250,0.0176,0.1580,0.0175,0.1575,0.0001,0.0005,-0.0000,-0.0000
5.0897,0.0250,0.2250,0.0023,0.0065,0.0227,0.2185,0.0114,0.1407,0.0159,0.1530,0.0001,0.0007,-0.0046,-0.0129
5.1401,0.0250,0.2250,0.0058,0.0146,0.0192,0.2104,0.0066,0.1320,0.0135,0.1473,0.0001,0.0009,-0.0069,-0.0161
5.1903,0.0250,0.2250,0.0056,0.0206,0.0194,0.2044,0.0140,0.1322,0.0136,0.1431,0.0001,0.0011,0.0003,-0.0120
5.2406,0.0250,0.2250,0.0059,0.0248,0.0191,0.2002,0.0128,0.1331,0.0133,0.1401,0.0001,0.0013,-0.0006,-0.0083
5.2909,0.0250,0.2750,0.0036,0.0308,0.0214,0.2442,0.0197,0.1605,0.0149,0.1709,0.0002,0.0015,0.0046,-0.0120
5.3412,0.0250,0.2750,0.0055,0.0403,0.0195,0.2347,0.0102,0.1473,0.0137,0.1643,0.0002,0.0018,-0.0037,-0.0188
5.3915,0.0250,0.2750,0.0065,0.0459,0.0185,0.2291,0.0112,0.1513,0.0130,0.1604,0.0002,0.0020,-0.0020,-0.0111
5.4418,0.0250,0.2750,0.0070,0.0524,0.0180,0.2226,0.0119,0.1452,0.0126,0.1558,0.0002,0.0022,-0.0009,-0.0129
5.4920,0.0250,0.2750,0.0077,0.0595,0.0173,0.2155,0.0108,0.1392,0.0121,0.1509,0.0002,0.0024,-0.0015,-0.0141
5.5423,0.0250,0.2750,0.0083,0.0647,0.0167,0.2103,0.0108,0.1395,0.0117,0.1472,0.0002,0.0027,-0.0012,-0.0104
5.5926,0.0250,0.2750,0.0105,0.0745,0.0145,0.2005,0.0060,0.1237,0.0101,0.1404,0.0003,0.0029,-0.0044,-0.0195
5.6429,0.0250,0.3250,0.0080,0.0821,0.0170,0.2429,0.0170,0.1580,0.0119,0.1700,0.0003,0.0031,0.0049,-0.0152
5.6932,0.0250,0.3250,0.0062,0.0888,0.0188,0.2362,0.0171,0.1555,0.0132,0.1654,0.0003,0.0033,0.0037,-0.0132
5.7435,0.0250,0.3250,0.0081,0.0950,0.0169,0.2300,0.0084,0.1521,0.0118,0.1610,0.0003,0.0036,-0.0037,-0.0125
5.7937,0.0250,0.3250,0.0096,0.1031,0.0154,0.2219,0.0080,0.1429,0.0108,0.1553,0.0003,0.0038,-0.0031,-0.0162
5.8440,0.0250,0.3250,0.0093,0.1088,0.0157,0.2162,0.0120,0.1441,0.0110,0.1514,0.0003,0.0040,0.0007,-0.0112
5.8943,0.0250,0.3250,0.0067,0.1163,0.0183,0.2087,0.0184,0.1352,0.0128,0.1461,0.0004,0.0042,0.0052,-0.0150
5.9446,0.0250,0.3250,0.0062,0.1221,0.0188,0.2029,0.0146,0.1351,0.0132,0.1421,0.0004,0.0044,0.0010,-0.0114
5.9950,0.0250,0.3750,0.0080,0.1315,0.0170,0.2435,0.0088,0.1563,0.0119,0.1704,0.0004,0.0047,-0.0036,-0.0188
6.0452,0.0250,0.3750,0.0109,0.1395,0.0141,0.2355,0.0043,0.1540,0.0098,0.1649,0.0004,0.0049,-0.0059,-0.0158
6.0954,0.0250,0.3750,0.0111,0.1442,0.0139,0.2308,0.0099,0.1573,0.0097,0.1616,0.0004,0.0051,-0.0003,-0.0094
6.1457,0.0250,0.3750,0.0124,0.1528,0.0126,0.2222,0.0066,0.1438,0.0088,0.1555,0.0004,0.0054,-0.0027,-0.0171
6.1959,0.0250,0.3750,0.0141,0.1632,0.0109,0.2118,0.0047,0.1331,0.0076,0.1483,0.0004,0.0056,-0.0034,-0.0207
6.2462,0.0250,0.3750,0.0143,0.1668,0.0107,0.2082,0.0075,0.1445,0.0075,0.1458,0.0005,0.0058,-0.0004,-0.0071
6.2965,0.0250,0.3750,0.0139,0.1731,0.0111,0.2019,0.0091,0.1346,0.0078,0.1413,0.0005,0.0060,0.0009,-0.0127
6.3468,0.0250,0.4250,0.0144,0.1780,0.0106,0.2470,0.0069,0.1695,0.0074,0.1729,0.0005,0.0062,-0.0010,-0.0096
6.3971,0.0250,0.4250,0.0137,0.1840,0.0113,0.2410,0.0097,0.1632,0.0079,0.1687,0.0005,0.0065,0.0013,-0.0120
6.4474,0.0250,0.4250,0.0110,0.1932,0.0140,0.2318,0.0157,0.1507,0.0098,0.1623,0.0005,0.0067,0.0054,-0.0183
6.4977,0.0250,0.4250,0.0118,0.2007,0.0132,0.2243,0.0082,0.1490,0.0092,0.1570,0.0005,0.0069,-0.0015,-0.0149
6.5479,0.0250,0.4250,0.0116,0.2097,0.0134,0.2153,0.0104,0.1400,0.0094,0.1507,0.0005,0.0072,0.0005,-0.0179
6.5982,0.0250,0.4250,0.0114,0.2163,0.0136,0.2087,0.0103,0.1404,0.0095,0.1461,0.0005,0.0074,0.0003,-0.0131
6.6485,0.0250,0.4250,0.0118,0.2231,0.0132,0.2019,0.0091,0.1354,0.0092,0.1414,0.0006,0.0076,-0.0007,-0.0135
6.6988,0.0250,0.4750,0.0127,0.2282,0.0123,0.2468,0.0073,0.1703,0.0086,0.1727,0.0006,0.0078,-0.0019,-0.0103
6.7490,0.0250,0.4750,0.0127,0.2333,0.0123,0.2417,0.0093,0.1672,0.0086,0.1692,0.0006,0.0081,0.0001,-0.0100
6.7993,0.0250,0.4750,0.0131,0.2421,0.0119,0.2329,0.0082,0.1536,0.0083,0.1630,0.0006,0.0083,-0.0008,-0.0177
6.8494,0.0250,0.4750,0.0152,0.2482,0.0098,0.2268,0.0033,0.1553,0.0069,0.1588,0.0006,0.0085,-0.0042,-0.0120
6.8999,0.0250,0.4750,0.0127,0.2592,0.0123,0.2158,0.0141,0.1379,0.0086,0.1511,0.0006,0.0087,0.0049,-0.0219
6.9502,0.0250,0.4750,0.0144,0.2656,0.0106,0.2094,0.0048,0.1429,0.0074,0.1466,0.0006,0.0089,-0.0033,-0.0127
7.0006,0.0250,0.4750,0.0118,0.2734,0.0132,0.2016,0.0150,0.1348,0.0092,0.1411,0.0006,0.0092,0.0051,-0.0155
7.0509,0.0250,0.5250,0.0140,0.2853,0.0110,0.2397,0.0039,0.1534,0.0077,0.1678,0.0007,0.0094,-0.0044,-0.0237
7.1011,0.0250,0.5250,0.0152,0.2924,0.0098,0.2326,0.0052,0.1583,0.0069,0.1628,0.0007,0.0096,-0.0023,-0.0141
7.1513,0.0250,0.5250,0.0170,0.3003,0.0080,0.2247,0.0028,0.1515,0.0056,0.1573,0.0007,0.0099,-0.0035,-0.0157
7.2016,0.0250,0.5250,0.0175,0.3051,0.0075,0.2199,0.0048,0.1544,0.0052,0.1539,0.0007,0.0101,-0.0011,-0.0096
7.2518,0.0250,0.5250,0.0177,0.3111,0.0073,0.2139,0.0056,0.1481,0.0051,0.1498,0.0007,0.0103,-0.0002,-0.0119
7.3021,0.0250,0.5250,0.0178,0.3161,0.0072,0.2089,0.0055,0.1468,0.0051,0.1462,0.0007,0.0105,-0.0002,-0.0100
7.3523,0.0250,0.5250,0.0179,0.3215,0.0071,0.2035,0.0054,0.1422,0.0050,0.1424,0.0007,0.0107,-0.0003,-0.0109
7.4025,0.0250,0.5750,0.0181,0.3294,0.0069,0.2456,0.0053,0.1672,0.0049,0.1719,0.0007,0.0109,-0.0003,-0.0157
7.4528,0.0250,0.5750,0.0177,0.3359,0.0073,0.2391,0.0066,0.1657,0.0051,0.1674,0.0007,0.0112,0.0007,-0.0129
7.5031,0.0250,0.5750,0.0175,0.3410,0.0075,0.2340,0.0064,0.1650,0.0053,0.1638,0.0007,0.0114,0.0004,-0.0102
7.5534,0.0250,0.5750,0.0150,0.3499,0.0100,0.2251,0.0127,0.1514,0.0070,0.1575,0.0007,0.0116,0.0049,-0.0178
7.6037,0.0250,0.5750,0.0143,0.3596,0.0107,0.2154,0.0097,0.1433,0.0075,0.1507,0.0007,0.0119,0.0014,-0.0193
7.6540,0.0250,0.5750,0.0165,0.3673,0.0085,0.2077,0.0022,0.1423,0.0059,0.1454,0.0008,0.0121,-0.0045,-0.0152
7.7042,0.0250,0.6250,0.0163,0.3753,0.0087,0.2497,0.0073,0.1711,0.0061,0.1748,0.0008,0.0123,0.0004,-0.0160
7.7545,0.0250,0.6250,0.0139,0.3824,0.0111,0.2426,0.0133,0.1682,0.0078,0.1698,0.0008,0.0126,0.0048,-0.0141
7.8048,0.0250,0.6250,0.0147,0.3901,0.0103,0.2349,0.0064,0.1618,0.0072,0.1644,0.0008,0.0128,-0.0016,-0.0154
7.8550,0.0250,0.6250,0.0149,0.3957,0.0101,0.2293,0.0073,0.1625,0.0071,0.1605,0.0008,0.0130,-0.0005,-0.0111
7.9052,0.0250,0.6250,0.0142,0.4041,0.0108,0.2209,0.0098,0.1512,0.0076,0.1546,0.0008,0.0133,0.0014,-0.0167
7.9556,0.0250,0.6250,0.0137,0.4136,0.0113,0.2114,0.0096,0.1426,0.0079,0.1480,0.0008,0.0135,0.0009,-0.0189
8.0066,0.0250,0.6750,0.0135,0.4259,0.0115,0.2491,0.0094,0.1639,0.0081,0.1743,0.0008,0.0137,0.0005,-0.0241
8.0569,0.0250,0.6750,0.0106,0.4336,0.0144,0.2414,0.0166,0.1677,0.0101,0.1690,0.0008,0.0140,0.0057,-0.0152
8.1071,0.0250,0.6750,0.0086,0.4427,0.0164,0.2323,0.0163,0.1588,0.0115,0.1626,0.0009,0.0142,0.0040,-0.0180
8.1573,0.0250,0.6750,0.0086,0.4484,0.0164,0.2266,0.0125,0.1617,0.0115,0.1586,0.0009,0.0144,0.0001,-0.0114
8.2076,0.0250,0.6750,0.0090,0.4516,0.0160,0.2234,0.0112,0.1646,0.0112,0.1564,0.0009,0.0147,-0.0009,-0.0064
8.2579,0.0250,0.6750,0.0101,0.4643,0.0149,0.2107,0.0092,0.1371,0.0104,0.1475,0.0009,0.0149,-0.0022,-0.0253
8.3081,0.0250,0.6750,0.0111,0.4686,0.0139,0.2064,0.0087,0.1511,0.0097,0.1445,0.0009,0.0151,-0.0020,-0.0085
8.3584,0.0250,0.7250,0.0104,0.4761,0.0146,0.2489,0.0124,0.1745,0.0102,0.1742,0.0009,0.0153,0.0013,-0.0150
8.4087,0.0250,0.7250,0.0110,0.4800,0.0140,0.2450,0.0095,0.1792,0.0098,0.1715,0.0009,0.0156,-0.0012,-0.0078
8.4589,0.0250,0.7250,0.0120,0.4933,0.0130,0.2317,0.0080,0.1515,0.0091,0.1622,0.0010,0.0158,-0.0020,-0.0264
8.5092,0.0250,0.7250,0.0134,0.5020,0.0116,0.2230,0.0064,0.1549,0.0081,0.1561,0.0010,0.0160,-0.0027,-0.0173
8.5594,0.0250,0.7250,0.0138,0.5061,0.0112,0.2189,0.0081,0.1613,0.0079,0.1532,0.0010,0.0162,-0.0007,-0.0082
8.6097,0.0250,0.7250,0.0173,0.5174,0.0077,0.2076,-0.0007,0.1394,0.0054,0.1453,0.0010,0.0165,-0.0070,-0.0224
8.6600,0.0250,0.7250,0.0167,0.5229,0.0083,0.2021,0.0080,0.1470,0.0058,0.1414,0.0010,0.0167,0.0012,-0.0111
8.7103,0.0750,0.7750,0.0158,0.5287,0.0592,0.2463,0.0442,0.1779,0.0414,0.1724,0.0011,0.0169,0.0017,-0.0114
8.7607,0.0750,0.7750,0.0198,0.5371,0.0552,0.2379,0.0320,0.1670,0.0387,0.1665,0.0011,0.0171,-0.0078,-0.0167
8.8109,0.0750,0.7750,0.0225,0.5450,0.0525,0.2300,0.0323,0.1627,0.0367,0.1610,0.0012,0.0174,-0.0056,-0.0157
8.8614,0.0750,0.7750,0.0228,0.5509,0.0522,0.2241,0.0372,0.1627,0.0365,0.1569,0.0012,0.0176,-0.0006,-0.0118
8.9116,0.0750,0.7750,0.0228,0.5601,0.0522,0.2149,0.0379,0.1499,0.0366,0.1504,0.0013,0.0178,0.0001,-0.0183
8.9618,0.0750,0.7750,0.0236,0.5656,0.0514,0.2094,0.0357,0.1536,0.0360,0.1466,0.0013,0.0180,-0.0016,-0.0110
9.0122,0.0750,0.7750,0.0254,0.5728,0.0496,0.2022,0.0325,0.1456,0.0347,0.1416,0.0014,0.0182,-0.0036,-0.0142
9.0625,0.1250,0.8250,0.0268,0.5820,0.0982,0.2430,0.0674,0.1703,0.0687,0.1701,0.0015,0.0185,-0.0028,-0.0183
9.1127,0.1250,0.8250,0.0252,0.5900,0.0998,0.2350,0.0746,0.1672,0.0699,0.1645,0.0016,0.0187,0.0032,-0.0160
9.1630,0.1250,0.8250,0.0269,0.5965,0.0981,0.2285,0.0670,0.1660,0.0687,0.1600,0.0017,0.0189,-0.0034,-0.0129
9.2131,0.1250,0.8250,0.0278,0.6041,0.0972,0.2209,0.0681,0.1587,0.0681,0.1546,0.0018,0.0192,-0.0017,-0.0151
9.2634,0.1250,0.8250,0.0312,0.6116,0.0938,0.2134,0.0606,0.1538,0.0656,0.1494,0.0019,0.0194,-0.0069,-0.0150
9.3137,0.1250,0.8250,0.0354,0.6214,0.0896,0.2036,0.0563,0.1425,0.0627,0.1425,0.0020,0.0196,-0.0084,-0.0196
9.3640,0.1250,0.8250,0.0371,0.6275,0.0879,0.1975,0.0602,0.1461,0.0615,0.1383,0.0020,0.0198,-0.0034,-0.0120
9.4143,0.1250,0.8250,0.0378,0.6341,0.0872,0.1909,0.0618,0.1404,0.0610,0.1336,0.0021,0.0200,-0.0014,-0.0132
9.4646,0.1250,0.8250,0.0392,0.6398,0.0858,0.1852,0.0595,0.1384,0.0600,0.1296,0.0022,0.0202,-0.0028,-0.0114
9.5148,0.1250,0.8750,0.0453,0.6487,0.0797,0.2263,0.0459,0.1613,0.0558,0.1584,0.0023,0.0204,-0.0122,-0.0175
9.5651,0.1250,0.8750,0.0489,0.6548,0.0761,0.2202,0.0487,0.1624,0.0533,0.1541,0.0024,0.0206,-0.0070,-0.0123
9.6153,0.1250,0.8750,0.0524,0.6608,0.0726,0.2142,0.0462,0.1590,0.0508,0.1500,0.0024,0.0208,-0.0070,-0.0118
9.6657,0.1250,0.8750,0.0556,0.6701,0.0694,0.2049,0.0447,0.1459,0.0486,0.1434,0.0025,0.0210,-0.0064,-0.0186
9.7158,0.1250,0.8750,0.0551,0.6773,0.0699,0.1977,0.0524,0.1452,0.0489,0.1384,0.0026,0.0212,0.0009,-0.0144
9.7662,0.1250,0.8750,0.0558,0.6834,0.0692,0.1916,0.0497,0.1435,0.0484,0.1341,0.0027,0.0214,-0.0013,-0.0120
9.8164,0.1250,0.9250,0.0562,0.6916,0.0688,0.2334,0.0502,0.1687,0.0482,0.1634,0.0027,0.0217,-0.0007,-0.0164
9.8667,0.1250,0.9250,0.0562,0.6969,0.0688,0.2281,0.0509,0.1712,0.0482,0.1597,0.0028,0.0219,-0.0001,-0.0104
9.9170,0.1250,0.9250,0.0575,0.7035,0.0675,0.2215,0.0474,0.1639,0.0472,0.1550,0.0029,0.0221,-0.0027,-0.0132
9.9673,0.1250,0.9250,0.0574,0.7093,0.0676,0.2157,0.0506,0.1617,0.0473,0.1510,0.0029,0.0223,0.0003,-0.0116
10.0177,0.1250,0.9250,0.0586,0.7167,0.0664,0.2083,0.0470,0.1538,0.0465,0.1458,0.0030,0.0225,-0.0024,-0.0146
10.0680,0.1250,0.9250,0.0605,0.7240,0.0645,0.2010,0.0444,0.1489,0.0451,0.1407,0.0031,0.0227,-0.0038,-0.0146
10.1182,0.1250,0.9250,0.0650,0.7321,0.0600,0.1929,0.0363,0.1418,0.0420,0.1350,0.0031,0.0229,-0.0089,-0.0161
10.1684,0.1250,0.9750,0.0709,0.7414,0.0541,0.2336,0.0293,0.1683,0.0379,0.1635,0.0032,0.0232,-0.0117,-0.0184
10.2186,0.1250,0.9750,0.0733,0.7469,0.0517,0.2281,0.0346,0.1722,0.0362,0.1597,0.0032,0.0234,-0.0048,-0.0109
10.2689,0.1250,0.9750,0.0730,0.7556,0.0520,0.2194,0.0403,0.1598,0.0364,0.1536,0.0033,0.0236,0.0006,-0.0174
10.3192,0.1250,0.9750,0.0745,0.7627,0.0505,0.2123,0.0356,0.1584,0.0353,0.1486,0.0033,0.0238,-0.0031,-0.0140
10.3693,0.1250,0.9750,0.0736,0.7677,0.0514,0.2073,0.0412,0.1591,0.0360,0.1451,0.0034,0.0240,0.0018,-0.0100
10.4196,0.1250,0.9750,0.0727,0.7800,0.0523,0.1950,0.0418,0.1362,0.0366,0.1365,0.0034,0.0242,0.0018,-0.0245
10.4697,0.1250,1.0250,0.0739,0.7887,0.0511,0.2363,0.0370,0.1727,0.0358,0.1654,0.0035,0.0245,-0.0023,-0.0172
10.5200,0.1250,1.0250,0.0751,0.7985,0.0499,0.2265,0.0361,0.1637,0.0350,0.1586,0.0035,0.0247,-0.0024,-0.0196
10.5703,0.1250,1.0250,0.0773,0.8034,0.0477,0.2216,0.0325,0.1702,0.0334,0.1551,0.0036,0.0249,-0.0045,-0.0099
10.6205,0.1250,1.0250,0.0816,0.8127,0.0434,0.2123,0.0254,0.1555,0.0304,0.1486,0.0036,0.0251,-0.0086,-0.0183
10.6708,0.1250,1.0250,0.0834,0.8185,0.0416,0.2065,0.0294,0.1583,0.0291,0.1446,0.0037,0.0253,-0.0034,-0.0116
10.7211,0.1250,1.0250,0.0875,0.8259,0.0375,0.1991,0.0216,0.1502,0.0262,0.1394,0.0037,0.0255,-0.0083,-0.0147
10.7715,0.1250,1.0750,0.0928,0.8364,0.0322,0.2386,0.0158,0.1721,0.0225,0.1671,0.0037,0.0258,-0.0104,-0.0207
10.8218,0.1250,1.0750,0.0962,0.8442,0.0288,0.2308,0.0171,0.1721,0.0201,0.1616,0.0038,0.0260,-0.0068,-0.0155
10.8719,0.1250,1.0750,0.0966,0.8511,0.0284,0.2239,0.0231,0.1692,0.0199,0.1567,0.0038,0.0262,-0.0006,-0.0138
10.9222,0.1250,1.0750,0.0970,0.8597,0.0280,0.2153,0.0225,0.1600,0.0196,0.1507,0.0038,0.0265,-0.0009,-0.0172
10.9724,0.1250,1.0750,0.0984,0.8715,0.0266,0.2035,0.0199,0.1457,0.0186,0.1425,0.0039,0.0267,-0.0026,-0.0235
11.0227,0.1250,1.1250,0.0984,0.8789,0.0266,0.2461,0.0223,0.1844,0.0186,0.1723,0.0039,0.0269,-0.0002,-0.0147
11.0730,0.1250,1.1250,0.0972,0.8864,0.0278,0.2386,0.0258,0.1794,0.0194,0.1671,0.0039,0.0271,0.0024,-0.0148
11.1233,0.1250,1.1250,0.0925,0.8982,0.0325,0.2268,0.0362,0.1625,0.0228,0.1588,0.0039,0.0274,0.0095,-0.0236
11.1736,0.1250,1.1250,0.0936,0.9063,0.0314,0.2187,0.0237,0.1647,0.0220,0.1531,0.0040,0.0276,-0.0023,-0.0160
11.2239,0.1250,1.1250,0.0942,0.9134,0.0308,0.2116,0.0243,0.1617,0.0215,0.1481,0.0040,0.0278,-0.0012,-0.0142
11.2742,0.1250,1.1250,0.0960,0.9205,0.0290,0.2045,0.0208,0.1571,0.0203,0.1432,0.0040,0.0280,-0.0035,-0.0141
11.3245,0.1250,1.1750,0.1004,0.9310,0.0246,0.2440,0.0125,0.1782,0.0172,0.1708,0.0041,0.0283,-0.0088,-0.0209
11.3748,0.1250,1.1750,0.1040,0.9378,0.0210,0.2372,0.0117,0.1809,0.0147,0.1660,0.0041,0.0285,-0.0071,-0.0136
11.4250,0.1250,1.1750,0.1070,0.9487,0.0180,0.2263,0.0107,0.1656,0.0126,0.1584,0.0041,0.0287,-0.0060,-0.0216
11.4753,0.1250,1.1750,0.1078,0.9554,0.0172,0.2196,0.0145,0.1693,0.0120,0.1537,0.0041,0.0289,-0.0016,-0.0134
11.5256,0.1250,1.1750,0.1071,0.9626,0.0179,0.2124,0.0180,0.1635,0.0125,0.1487,0.0041,0.0292,0.0013,-0.0143
11.5758,0.1250,1.1750,0.1114,0.9721,0.0136,0.2029,0.0051,0.1525,0.0095,0.1420,0.0041,0.0294,-0.0085,-0.0189
11.6261,0.1250,1.2250,0.1104,0.9795,0.0146,0.2455,0.0163,0.1868,0.0102,0.1719,0.0042,0.0296,0.0019,-0.0147
11.6763,0.1250,1.2250,0.1098,0.9901,0.0152,0.2349,0.0162,0.1731,0.0107,0.1644,0.0042,0.0298,0.0014,-0.0211
11.7266,0.1250,1.2250,0.1113,0.9965,0.0137,0.2285,0.0108,0.1772,0.0096,0.1599,0.0042,0.0301,-0.0030,-0.0128
11.7769,0.1250,1.2250,0.1159,1.0070,0.0091,0.2180,0.0013,0.1622,0.0063,0.1526,0.0042,0.0303,-0.0093,-0.0207
11.8271,0.1250,1.2250,0.1118,1.0167,0.0132,0.2083,0.0218,0.1570,0.0093,0.1458,0.0042,0.0305,0.0083,-0.0194
11.8774,0.1250,1.2750,0.1101,1.0266,0.0149,0.2484,0.0179,0.1848,0.0104,0.1738,0.0042,0.0308,0.0032,-0.0198
11.9276,0.1250,1.2750,0.1058,1.0381,0.0192,0.2369,0.0263,0.1741,0.0134,0.1659,0.0042,0.0310,0.0086,-0.0227
11.9779,0.1250,1.2750,0.1036,1.0459,0.0214,0.2291,0.0237,0.1761,0.0150,0.1604,0.0043,0.0312,0.0044,-0.0155
12.0283,0.1250,1.2750,0.1061,1.0539,0.0189,0.2211,0.0126,0.1703,0.0133,0.1548,0.0043,0.0314,-0.0049,-0.0159
12.0786,0.1250,1.2750,0.1027,1.0641,0.0223,0.2109,0.0265,0.1591,0.0156,0.1477,0.0043,0.0317,0.0066,-0.0202
12.1290,0.1250,1.2750,0.1015,1.0731,0.0235,0.2019,0.0232,0.1553,0.0164,0.1413,0.0043,0.0319,0.0024,-0.0179
12.1792,0.1250,1.3250,0.1013,1.0799,0.0237,0.2451,0.0213,0.1902,0.0166,0.1716,0.0044,0.0321,0.0004,-0.0135
12.2295,0.1250,1.3250,0.1021,1.0848,0.0229,0.2402,0.0188,0.1907,0.0160,0.1681,0.0044,0.0324,-0.0016,-0.0098
12.2797,0.1250,1.3250,0.1024,1.0910,0.0226,0.2340,0.0196,0.1841,0.0158,0.1638,0.0044,0.0326,-0.0006,-0.0123
12.3300,0.1250,1.3250,0.1030,1.0996,0.0220,0.2254,0.0186,0.1735,0.0154,0.1578,0.0044,0.0328,-0.0012,-0.0171
12.3802,0.1250,1.3250,0.1034,1.1042,0.0216,0.2208,0.0189,0.1783,0.0151,0.1545,0.0044,0.0330,-0.0007,-0.0093
12.4305,0.1250,1.3250,0.1051,1.1165,0.0199,0.2085,0.0150,0.1549,0.0139,0.1460,0.0045,0.0332,-0.0034,-0.0244
12.4808,0.1250,1.3250,0.1082,1.1241,0.0168,0.2009,0.0102,0.1589,0.0118,0.1406,0.0045,0.0334,-0.0061,-0.0152
12.5310,0.1250,1.3750,0.1122,1.1343,0.0128,0.2407,0.0056,0.1818,0.0090,0.1685,0.0045,0.0337,-0.0079,-0.0204
12.5812,0.1250,1.3750,0.1150,1.1407,0.0100,0.2343,0.0057,0.1853,0.0070,0.1640,0.0045,0.0339,-0.0058,-0.0126
12.6315,0.1250,1.3750,0.1161,1.1459,0.0089,0.2291,0.0087,0.1841,0.0063,0.1603,0.0045,0.0342,-0.0020,-0.0104
12.6819,0.1250,1.3750,0.1151,1.1539,0.0099,0.2211,0.0133,0.1732,0.0069,0.1547,0.0045,0.0344,0.0019,-0.0159
12.7322,0.1250,1.3750,0.1134,1.1611,0.0116,0.2139,0.0160,0.1702,0.0081,0.1498,0.0045,0.0346,0.0034,-0.0141
12.7823,0.1250,1.3750,0.1133,1.1678,0.0117,0.2072,0.0131,0.1663,0.0082,0.1450,0.0045,0.0348,0.0003,-0.0135
12.8326,0.1250,1.4250,0.1126,1.1776,0.0124,0.2474,0.0144,0.1886,0.0086,0.1731,0.0046,0.0350,0.0012,-0.0196
12.8829,0.1250,1.4250,0.1139,1.1859,0.0111,0.2391,0.0100,0.1863,0.0078,0.1674,0.0046,0.0353,-0.0024,-0.0164
12.9331,0.1250,1.4250,0.1141,1.1941,0.0109,0.2309,0.0116,0.1809,0.0076,0.1616,0.0046,0.0355,-0.0006,-0.0163
12.9833,0.1250,1.4250,0.1132,1.2021,0.0118,0.2229,0.0147,0.1758,0.0083,0.1560,0.0046,0.0357,0.0019,-0.0160
13.0338,0.1250,1.4250,0.1118,1.2149,0.0132,0.2101,0.0166,0.1576,0.0092,0.1471,0.0046,0.0360,0.0027,-0.0254
13.0841,0.1250,1.4250,0.1134,1.2229,0.0116,0.2021,0.0095,0.1616,0.0081,0.1414,0.0046,0.0362,-0.0032,-0.0160
13.1343,0.1250,1.4750,0.1147,1.2312,0.0103,0.2438,0.0095,0.1907,0.0072,0.1707,0.0046,0.0364,-0.0024,-0.0164
13.1846,0.1250,1.4750,0.1146,1.2370,0.0104,0.2380,0.0120,0.1915,0.0073,0.1666,0.0046,0.0366,0.0001,-0.0117
13.2349,0.1250,1.4750,0.1159,1.2479,0.0091,0.2271,0.0084,0.1742,0.0063,0.1590,0.0046,0.0369,-0.0026,-0.0216
13.2852,0.1250,1.4750,0.1176,1.2554,0.0074,0.2196,0.0065,0.1760,0.0052,0.1537,0.0047,0.0371,-0.0034,-0.0148
13.3354,0.1250,1.4750,0.1196,1.2657,0.0054,0.2093,0.0044,0.1632,0.0038,0.1465,0.0047,0.0373,-0.0040,-0.0206
13.3857,0.1250,1.4750,0.1186,1.2739,0.0064,0.2011,0.0113,0.1622,0.0045,0.1408,0.0047,0.0375,0.0021,-0.0161
13.4360,0.1250,1.5250,0.1204,1.2820,0.0046,0.2430,0.0042,0.1918,0.0032,0.1701,0.0047,0.0378,-0.0036,-0.0161
13.4862,0.1250,1.5250,0.1226,1.2895,0.0024,0.2355,0.0020,0.1877,0.0017,0.1648,0.0047,0.0380,-0.0044,-0.0151
13.5366,0.1250,1.5250,0.1220,1.2979,0.0030,0.2271,0.0079,0.1806,0.0021,0.1590,0.0047,0.0382,0.0011,-0.0166
13.5868,0.1250,1.5250,0.1222,1.3045,0.0028,0.2205,0.0063,0.1796,0.0020,0.1543,0.0047,0.0384,-0.0003,-0.0131
13.6371,0.1250,1.5250,0.1219,1.3174,0.0031,0.2076,0.0073,0.1582,0.0021,0.1453,0.0047,0.0386,0.0005,-0.0258
13.6874,0.1250,1.5250,0.1219,1.3228,0.0031,0.2022,0.0068,0.1699,0.0021,0.1416,0.0047,0.0388,-0.0000,-0.0106
13.7377,0.1250,1.5750,0.1212,1.3313,0.0038,0.2437,0.0089,0.1927,0.0027,0.1706,0.0047,0.0391,0.0016,-0.0170
13.7880,0.1250,1.5750,0.1214,1.3378,0.0036,0.2372,0.0068,0.1924,0.0025,0.1660,0.0047,0.0393,-0.0004,-0.0130
13.8383,0.1250,1.5750,0.1215,1.3452,0.0035,0.2298,0.0067,0.1859,0.0024,0.1609,0.0047,0.0396,-0.0004,-0.0146
13.8886,0.1250,1.5750,0.1196,1.3535,0.0054,0.2215,0.0125,0.1784,0.0038,0.1551,0.0047,0.0398,0.0040,-0.0165
13.9389,0.1250,1.5750,0.1216,1.3637,0.0034,0.2113,0.0030,0.1675,0.0024,0.1479,0.0047,0.0400,-0.0041,-0.0204
13.9892,0.1250,1.5750,0.1226,1.3724,0.0024,0.2026,0.0043,0.1648,0.0017,0.1418,0.0047,0.0402,-0.0020,-0.0173
14.0396,0.1750,1.6250,0.1226,1.3817,0.0524,0.2433,0.0415,0.1922,0.0367,0.1703,0.0048,0.0404,0.0001,-0.0185
14.0899,0.1750,1.6250,0.1211,1.3900,0.0539,0.2350,0.0454,0.1886,0.0377,0.1645,0.0048,0.0407,0.0029,-0.0165
14.1402,0.1750,1.6250,0.1237,1.4007,0.0513,0.2243,0.0357,0.1767,0.0359,0.1570,0.0049,0.0409,-0.0051,-0.0212
14.1905,0.1750,1.6250,0.1284,1.4103,0.0466,0.2147,0.0280,0.1724,0.0326,0.1503,0.0049,0.0411,-0.0095,-0.0190
14.2408,0.1750,1.6250,0.1292,1.4170,0.0458,0.2080,0.0355,0.1736,0.0321,0.1456,0.0050,0.0413,-0.0015,-0.0133
14.2911,0.1750,1.6250,0.1315,1.4282,0.0435,0.1968,0.0307,0.1568,0.0304,0.1377,0.0050,0.0415,-0.0047,-0.0224
14.3413,0.1750,1.6750,0.1358,1.4391,0.0392,0.2359,0.0239,0.1852,0.0274,0.1651,0.0050,0.0418,-0.0085,-0.0216
14.3916,0.1750,1.6750,0.1359,1.4472,0.0391,0.2278,0.0323,0.1855,0.0274,0.1595,0.0051,0.0420,-0.0001,-0.0160
14.4419,0.1750,1.6750,0.1389,1.4576,0.0361,0.2174,0.0244,0.1736,0.0253,0.1522,0.0051,0.0422,-0.0059,-0.0208
14.4922,0.1750,1.6750,0.1363,1.4663,0.0387,0.2087,0.0374,0.1713,0.0271,0.1461,0.0052,0.0424,0.0052,-0.0172
14.5424,0.1750,1.6750,0.1371,1.4751,0.0379,0.1999,0.0302,0.1650,0.0265,0.1399,0.0052,0.0426,-0.0016,-0.0176
14.5929,0.1750,1.7250,0.1417,1.4848,0.0333,0.2402,0.0193,0.1919,0.0233,0.1682,0.0052,0.0429,-0.0092,-0.0191
14.6432,0.1750,1.7250,0.1420,1.4957,0.0330,0.2293,0.0279,0.1819,0.0231,0.1605,0.0053,0.0431,-0.0005,-0.0217
14.6934,0.1750,1.7250,0.1436,1.5044,0.0314,0.2206,0.0241,0.1804,0.0220,0.1544,0.0053,0.0433,-0.0032,-0.0173
14.7437,0.1750,1.7250,0.1409,1.5135,0.0341,0.2115,0.0344,0.1735,0.0239,0.1481,0.0053,0.0435,0.0052,-0.0181
14.7940,0.1750,1.7250,0.1412,1.5216,0.0338,0.2034,0.0286,0.1699,0.0237,0.1424,0.0054,0.0437,-0.0005,-0.0162
14.8442,0.1750,1.7750,0.1406,1.5291,0.0344,0.2459,0.0301,0.1977,0.0241,0.1721,0.0054,0.0440,0.0011,-0.0149
14.8945,0.1750,1.7750,0.1419,1.5371,0.0331,0.2379,0.0260,0.1948,0.0232,0.1665,0.0054,0.0442,-0.0026,-0.0159
14.9448,0.1750,1.7750,0.1426,1.5438,0.0324,0.2312,0.0267,0.1930,0.0227,0.1618,0.0055,0.0445,-0.0015,-0.0133
14.9951,0.1750,1.7750,0.1450,1.5546,0.0300,0.2204,0.0219,0.1774,0.0210,0.1543,0.0055,0.0447,-0.0046,-0.0215
15.0455,0.1750,1.7750,0.1450,1.5626,0.0300,0.2124,0.0265,0.1777,0.0210,0.1487,0.0055,0.0449,-0.0001,-0.0158
15.0958,0.1750,1.7750,0.1449,1.5723,0.0301,0.2027,0.0268,0.1678,0.0211,0.1419,0.0056,0.0451,0.0002,-0.0192
15.1461,0.1750,1.8250,0.1467,1.5782,0.0283,0.2468,0.0210,0.1989,0.0198,0.1728,0.0056,0.0453,-0.0036,-0.0117
15.1964,0.1750,1.8250,0.1454,1.5878,0.0296,0.2372,0.0289,0.1926,0.0207,0.1660,0.0056,0.0456,0.0026,-0.0191
15.2467,0.1750,1.8250,0.1457,1.5915,0.0293,0.2335,0.0250,0.1984,0.0205,0.1635,0.0056,0.0458,-0.0007,-0.0073
15.2970,0.1750,1.8250,0.1471,1.6010,0.0279,0.2240,0.0225,0.1839,0.0195,0.1568,0.0057,0.0460,-0.0027,-0.0189
15.3472,0.1750,1.8250,0.1484,1.6087,0.0266,0.2163,0.0217,0.1823,0.0186,0.1514,0.0057,0.0463,-0.0026,-0.0154
15.3975,0.1750,1.8250,0.1493,1.6201,0.0257,0.2049,0.0220,0.1673,0.0180,0.1434,0.0057,0.0465,-0.0018,-0.0226
15.4477,0.1750,1.8250,0.1505,1.6255,0.0245,0.1995,0.0205,0.1756,0.0172,0.1397,0.0057,0.0467,-0.0024,-0.0107
15.4980,0.1750,1.8750,0.1505,1.6329,0.0245,0.2421,0.0227,0.1987,0.0172,0.1695,0.0058,0.0469,0.0001,-0.0147
15.5483,0.1750,1.8750,0.1508,1.6377,0.0242,0.2373,0.0216,0.1988,0.0170,0.1661,0.0058,0.0472,-0.0006,-0.0097
15.5986,0.1750,1.8750,0.1525,1.6471,0.0225,0.2279,0.0180,0.1884,0.0157,0.1596,0.0058,0.0474,-0.0035,-0.0185
15.6489,0.1750,1.8750,0.1544,1.6592,0.0206,0.2158,0.0166,0.1745,0.0144,0.1511,0.0058,0.0476,-0.0036,-0.0241
15.6992,0.1750,1.8750,0.1531,1.6702,0.0219,0.2048,0.0238,0.1693,0.0153,0.1434,0.0059,0.0478,0.0026,-0.0218
15.7495,0.1750,1.9250,0.1529,1.6814,0.0221,0.2436,0.0218,0.1962,0.0155,0.1705,0.0059,0.0481,0.0004,-0.0223
15.7997,0.1750,1.9250,0.1541,1.6890,0.0209,0.2360,0.0181,0.1985,0.0146,0.1652,0.0059,0.0483,-0.0024,-0.0150
15.8500,0.1750,1.9250,0.1528,1.6994,0.0222,0.2256,0.0241,0.1857,0.0156,0.1579,0.0059,0.0485,0.0026,-0.0207
15.9002,0.1750,1.9250,0.1499,1.7084,0.0251,0.2166,0.0293,0.1825,0.0176,0.1516,0.0060,0.0487,0.0058,-0.0179
15.9504,0.1750,1.9250,0.1506,1.7173,0.0244,0.2077,0.0216,0.1766,0.0171,0.1454,0.0060,0.0489,-0.0014,-0.0177
16.0007,0.1750,1.9750,0.1525,1.7293,0.0225,0.2457,0.0179,0.1974,0.0157,0.1720,0.0060,0.0492,-0.0038,-0.0238
16.0512,0.1750,1.9750,0.1543,1.7377,0.0207,0.2373,0.0169,0.1988,0.0145,0.1661,0.0060,0.0494,-0.0036,-0.0167
16.1014,0.1750,1.9750,0.1565,1.7510,0.0185,0.2240,0.0145,0.1799,0.0129,0.1568,0.0060,0.0496,-0.0044,-0.0265
16.1516,0.1750,1.9750,0.1570,1.7609,0.0180,0.2141,0.0178,0.1798,0.0126,0.1499,0.0060,0.0496,-0.0009,-0.0197
16.2019,0.1750,1.9750,0.1569,1.7715,0.0181,0.2035,0.0187,0.1709,0.0126,0.1424,0.0060,0.0496,0.0000,-0.0212
16.2521,0.1750,2.0250,0.1583,1.7844,0.0167,0.2406,0.0151,0.1924,0.0117,0.1684,0.0060,0.0496,-0.0026,-0.0256
16.3022,0.1750,2.0250,0.1611,1.7911,0.0139,0.2339,0.0102,0.1997,0.0098,0.1637,0.0060,0.0496,-0.0056,-0.0133
16.3526,0.1750,2.0250,0.1601,1.8000,0.0149,0.2250,0.0184,0.1893,0.0104,0.1575,0.0060,0.0496,0.0019,-0.0178
16.4028,0.1750,2.0250,0.1604,1.8072,0.0146,0.2178,0.0155,0.1880,0.0102,0.1525,0.0060,0.0496,-0.0006,-0.0142
16.4530,0.1750,2.0250,0.1630,1.8153,0.0120,0.2097,0.0092,0.1801,0.0084,0.1468,0.0060,0.0496,-0.0052,-0.0163
16.5033,0.1750,2.0250,0.1627,1.8212,0.0123,0.2038,0.0152,0.1806,0.0086,0.1426,0.0059,0.0496,0.0006,-0.0117
16.5536,0.1750,2.0750,0.1642,1.8284,0.0108,0.2466,0.0100,0.1997,0.0075,0.1726,0.0059,0.0496,-0.0030,-0.0143
16.6038,0.1750,2.0750,0.1658,1.8386,0.0092,0.2364,0.0093,0.1948,0.0065,0.1655,0.0059,0.0496,-0.0030,-0.0203
16.6541,0.1750,2.0750,0.1663,1.8445,0.0087,0.2305,0.0109,0.1993,0.0061,0.1614,0.0059,0.0497,-0.0011,-0.0117
16.7044,0.1750,2.0750,0.1666,1.8524,0.0084,0.2226,0.0112,0.1896,0.0059,0.1558,0.0059,0.0497,-0.0006,-0.0158
16.7547,0.1750,2.0750,0.1691,1.8626,0.0059,0.2124,0.0051,0.1780,0.0041,0.1487,0.0059,0.0497,-0.0049,-0.0203
16.8050,0.1750,2.0750,0.1693,1.8664,0.0057,0.2086,0.0093,0.1881,0.0040,0.1460,0.0058,0.0497,-0.0005,-0.0076
16.8552,0.1750,2.1250,0.1693,1.8761,0.0057,0.2489,0.0098,0.1998,0.0040,0.1742,0.0058,0.0497,0.0002,-0.0193
16.9055,0.1750,2.1250,0.1711,1.8827,0.0039,0.2423,0.0046,0.1999,0.0027,0.1696,0.0058,0.0497,-0.0037,-0.0131
16.9557,0.1750,2.1250,0.1700,1.8943,0.0050,0.2307,0.0115,0.1881,0.0035,0.1615,0.0058,0.0497,0.0023,-0.0231
17.0060,0.1750,2.1250,0.1681,1.9008,0.0069,0.2242,0.0142,0.1936,0.0048,0.1569,0.0057,0.0497,0.0037,-0.0130
17.0564,0.1750,2.1250,0.1698,1.9119,0.0052,0.2131,0.0061,0.1768,0.0036,0.1492,0.0057,0.0497,-0.0033,-0.0220
17.1067,0.1750,2.1250,0.1725,1.9196,0.0025,0.2054,0.0020,0.1781,0.0017,0.1438,0.0057,0.0497,-0.0055,-0.0153
17.1569,0.1750,2.1750,0.1738,1.9267,0.0012,0.2483,0.0039,0.2000,0.0009,0.1738,0.0057,0.0497,-0.0024,-0.0141
17.2072,0.1750,2.1750,0.1709,1.9411,0.0041,0.2339,0.0141,0.1848,0.0028,0.1637,0.0057,0.0497,0.0056,-0.0286
17.2574,0.1750,2.1750,0.1750,1.9502,0.0000,0.2248,-0.0023,0.1888,0.0000,0.1573,0.0056,0.0497,-0.0080,-0.0182
17.3077,0.1750,2.1750,0.1773,1.9609,-0.0023,0.2141,-0.0006,0.1782,-0.0016,0.1498,0.0056,0.0497,-0.0046,-0.0213
17.3580,0.1750,2.1750,0.1770,1.9693,-0.0020,0.2057,0.0046,0.1771,-0.0014,0.1440,0.0056,0.0497,0.0005,-0.0166
17.4082,0.1750,2.2250,0.1777,1.9768,-0.0027,0.2482,0.0021,0.2000,-0.0019,0.1737,0.0056,0.0497,-0.0014,-0.0149
17.4585,0.1750,2.2250,0.1780,1.9827,-0.0030,0.2423,0.0029,0.2000,-0.0021,0.1696,0.0055,0.0497,-0.0004,-0.0117
17.5087,0.1750,2.2250,0.1778,1.9905,-0.0028,0.2345,0.0038,0.1982,-0.0020,0.1641,0.0055,0.0497,0.0003,-0.0156
17.5590,0.1750,2.2250,0.1781,2.0034,-0.0031,0.2216,0.0026,0.1793,-0.0022,0.1552,0.0055,0.0497,-0.0006,-0.0255
17.6093,0.1750,2.2250,0.1784,2.0149,-0.0034,0.2101,0.0026,0.1738,-0.0024,0.1471,0.0054,0.0497,-0.0005,-0.0229
17.6595,0.1750,2.2250,0.1797,2.0221,-0.0047,0.2029,-0.0005,0.1775,-0.0033,0.1421,0.0054,0.0497,-0.0026,-0.0143
17.7098,0.1750,2.2750,0.1813,2.0312,-0.0063,0.2438,-0.0022,0.2000,-0.0044,0.1707,0.0054,0.0497,-0.0032,-0.0182
17.7600,0.1750,2.2750,0.1788,2.0396,-0.0038,0.2354,0.0077,0.1979,-0.0027,0.1648,0.0054,0.0497,0.0050,-0.0166
17.8103,0.1750,2.2750,0.1799,2.0468,-0.0049,0.2282,-0.0003,0.1950,-0.0034,0.1597,0.0053,0.0497,-0.0022,-0.0144
17.8606,0.1750,2.2750,0.1749,2.0577,0.0001,0.2173,0.0153,0.1801,0.0001,0.1521,0.0053,0.0497,0.0099,-0.0217
17.9109,0.1750,2.2750,0.1764,2.0647,-0.0014,0.2103,0.0014,0.1829,-0.0010,0.1472,0.0053,0.0497,-0.0029,-0.0140
17.9611,0.1750,2.3250,0.1736,2.0772,0.0014,0.2478,0.0118,0.1985,0.0010,0.1735,0.0053,0.0497,0.0056,-0.0247
18.0113,0.1750,2.3250,0.1738,2.0877,0.0012,0.2373,0.0055,0.1948,0.0008,0.1661,0.0052,0.0497,-0.0005,-0.0210
18.0617,0.1750,2.3250,0.1731,2.0946,0.0019,0.2304,0.0080,0.1975,0.0013,0.1613,0.0052,0.0497,0.0014,-0.0136
18.1119,0.1750,2.3250,0.1735,2.1004,0.0015,0.2246,0.0056,0.1954,0.0011,0.1572,0.0052,0.0497,-0.0007,-0.0116
18.1622,0.1750,2.3250,0.1717,2.1115,0.0033,0.2135,0.0111,0.1770,0.0023,0.1494,0.0052,0.0497,0.0036,-0.0222
18.2124,0.1750,2.3250,0.1717,2.1170,0.0033,0.2080,0.0074,0.1845,0.0023,0.1456,0.0051,0.0497,-0.0000,-0.0108
18.2626,0.1750,2.3750,0.1711,2.1277,0.0039,0.2473,0.0089,0.1998,0.0027,0.1731,0.0051,0.0497,0.0012,-0.0213
18.3129,0.1750,2.3750,0.1735,2.1372,0.0015,0.2378,0.0015,0.1972,0.0011,0.1665,0.0051,0.0497,-0.0047,-0.0190
18.3632,0.1750,2.3750,0.1745,2.1469,0.0005,0.2281,0.0032,0.1902,0.0003,0.1597,0.0051,0.0497,-0.0022,-0.0192
18.4136,0.1750,2.3750,0.1767,2.1554,-0.0017,0.2196,-0.0004,0.1865,-0.0012,0.1537,0.0051,0.0497,-0.0043,-0.0169
18.4639,0.1750,2.3750,0.1774,2.1634,-0.0024,0.2116,0.0019,0.1819,-0.0017,0.1481,0.0050,0.0497,-0.0014,-0.0159
18.5141,0.1750,2.3750,0.1741,2.1737,0.0009,0.2013,0.0123,0.1703,0.0006,0.1409,0.0050,0.0497,0.0066,-0.0204
18.5643,0.1750,2.4250,0.1731,2.1815,0.0019,0.2435,0.0082,0.1998,0.0013,0.1704,0.0050,0.0498,0.0020,-0.0156
18.6145,0.1750,2.4250,0.1711,2.1934,0.0039,0.2316,0.0117,0.1882,0.0027,0.1621,0.0050,0.0498,0.0040,-0.0237
18.6647,0.1750,2.4250,0.1684,2.2034,0.0066,0.2216,0.0149,0.1850,0.0046,0.1551,0.0050,0.0498,0.0053,-0.0199
18.7150,0.1750,2.4250,0.1682,2.2109,0.0068,0.2141,0.0103,0.1848,0.0048,0.1499,0.0049,0.0498,0.0005,-0.0149
18.7653,0.1750,2.4750,0.1675,2.2259,0.0075,0.2491,0.0115,0.1943,0.0052,0.1744,0.0049,0.0498,0.0013,-0.0299
18.8156,0.1750,2.4750,0.1643,2.2346,0.0107,0.2404,0.0186,0.1991,0.0075,0.1683,0.0049,0.0498,0.0063,-0.0174
18.8659,0.1750,2.4750,0.1627,2.2479,0.0123,0.2271,0.0167,0.1823,0.0086,0.1590,0.0049,0.0498,0.0032,-0.0264
18.9162,0.1750,2.4750,0.1625,2.2548,0.0125,0.2202,0.0140,0.1901,0.0087,0.1541,0.0049,0.0498,0.0004,-0.0138
18.9665,0.1750,2.4750,0.1646,2.2663,0.0104,0.2087,0.0081,0.1730,0.0073,0.1461,0.0049,0.0498,-0.0041,-0.0228
19.0168,0.1750,2.4750,0.1677,2.2739,0.0073,0.2011,0.0039,0.1754,0.0051,0.1408,0.0049,0.0498,-0.0061,-0.0151
19.0672,0.1750,2.5250,0.1688,2.2833,0.0062,0.2417,0.0070,0.1999,0.0044,0.1692,0.0049,0.0498,-0.0022,-0.0186
19.1174,0.1750,2.5250,0.1689,2.2937,0.0061,0.2313,0.0089,0.1909,0.0043,0.1619,0.0048,0.0498,-0.0002,-0.0207
19.1676,0.1750,2.5250,0.1697,2.2987,0.0053,0.2263,0.0068,0.1982,0.0037,0.1584,0.0048,0.0498,-0.0017,-0.0100
19.2179,0.1750,2.5250,0.1680,2.3104,0.0070,0.2146,0.0132,0.1767,0.0049,0.1502,0.0048,0.0498,0.0035,-0.0233
19.2682,0.1750,2.5250,0.1697,2.3189,0.0053,0.2061,0.0052,0.1773,0.0037,0.1443,0.0048,0.0498,-0.0033,-0.0168
19.3184,0.1750,2.5750,0.1682,2.3308,0.0068,0.2442,0.0125,0.1969,0.0048,0.1709,0.0048,0.0498,0.0030,-0.0238
19.3687,0.1750,2.5750,0.1680,2.3369,0.0070,0.2381,0.0099,0.1998,0.0049,0.1667,0.0048,0.0498,0.0004,-0.0121
19.4190,0.1750,2.5750,0.1713,2.3467,0.0037,0.2283,0.0008,0.1901,0.0026,0.1598,0.0047,0.0498,-0.0066,-0.0195
19.4693,0.1750,2.5750,0.1707,2.3571,0.0043,0.2179,0.0088,0.1817,0.0030,0.1526,0.0047,0.0498,0.0010,-0.0206
19.5196,0.1750,2.5750,0.1719,2.3626,0.0031,0.2124,0.0044,0.1874,0.0021,0.1487,0.0047,0.0498,-0.0024,-0.0110
19.5698,0.1750,2.5750,0.1730,2.3740,0.0020,0.2010,0.0040,0.1678,0.0014,0.1407,0.0047,0.0498,-0.0021,-0.0226
19.6201,0.1750,2.6250,0.1762,2.3835,-0.0012,0.2415,-0.0025,0.2000,-0.0008,0.1691,0.0047,0.0498,-0.0064,-0.0189
19.6704,0.1750,2.6250,0.1775,2.3906,-0.0025,0.2344,0.0002,0.1998,-0.0018,0.1641,0.0046,0.0498,-0.0027,-0.0141
19.7207,0.1750,2.6250,0.1803,2.4005,-0.0053,0.2245,-0.0046,0.1873,-0.0037,0.1572,0.0046,0.0498,-0.0055,-0.0196
19.7710,0.1750,2.6250,0.1775,2.4093,-0.0025,0.2157,0.0085,0.1832,-0.0017,0.1510,0.0046,0.0498,0.0057,-0.0176
19.8212,0.1750,2.6250,0.1838,2.4228,-0.0088,0.2022,-0.0142,0.1646,-0.0062,0.1416,0.0046,0.0498,-0.0126,-0.0268
19.8715,0.1750,2.6750,0.1836,2.4323,-0.0086,0.2427,-0.0010,0.2000,-0.0060,0.1699,0.0045,0.0498,0.0005,-0.0190
19.9218,0.1750,2.6750,0.1813,2.4421,-0.0063,0.2329,0.0047,0.1933,-0.0044,0.1630,0.0045,0.0498,0.0046,-0.0195
19.9719,0.1750,2.6750,0.1810,2.4495,-0.0060,0.2255,0.0008,0.1928,-0.0042,0.1578,0.0045,0.0498,0.0006,-0.0148
20.0222,0.1750,2.6750,0.1782,2.4607,-0.0032,0.2143,0.0077,0.1777,-0.0023,0.1500,0.0045,0.0498,0.0055,-0.0222
20.0726,0.1750,2.6750,0.1748,2.4708,0.0002,0.2042,0.0113,0.1726,0.0001,0.1429,0.0044,0.0498,0.0067,-0.0201
20.1229,0.1750,2.7250,0.1730,2.4814,0.0020,0.2436,0.0095,0.1993,0.0014,0.1705,0.0044,0.0498,0.0037,-0.0211
20.1732,0.1750,2.7250,0.1735,2.4872,0.0015,0.2378,0.0042,0.2000,0.0010,0.1665,0.0044,0.0498,-0.0011,-0.0115
20.2234,0.1750,2.7250,0.1731,2.4961,0.0019,0.2289,0.0067,0.1924,0.0014,0.1603,0.0044,0.0498,0.0010,-0.0177
20.2736,0.1750,2.7250,0.1733,2.5069,0.0017,0.2181,0.0052,0.1808,0.0012,0.1526,0.0044,0.0498,-0.0004,-0.0216
20.3241,0.1750,2.7250,0.1714,2.5198,0.0036,0.2052,0.0106,0.1678,0.0025,0.1436,0.0044,0.0498,0.0037,-0.0256
20.3743,0.1750,2.7750,0.1728,2.5297,0.0022,0.2453,0.0030,0.2000,0.0015,0.1717,0.0043,0.0498,-0.0028,-0.0196
20.4245,0.1750,2.7750,0.1708,2.5372,0.0042,0.2378,0.0111,0.1997,0.0029,0.1665,0.0043,0.0498,0.0040,-0.0149
20.4748,0.1750,2.7750,0.1685,2.5493,0.0065,0.2257,0.0136,0.1836,0.0046,0.1580,0.0043,0.0498,0.0047,-0.0242
20.5250,0.1750,2.7750,0.1709,2.5589,0.0041,0.2161,0.0023,0.1820,0.0029,0.1512,0.0043,0.0498,-0.0048,-0.0191
20.5753,0.1750,2.7750,0.1710,2.5679,0.0040,0.2071,0.0070,0.1769,0.0028,0.1449,0.0043,0.0498,-0.0001,-0.0179
20.6256,0.1750,2.8250,0.1725,2.5847,0.0025,0.2403,0.0030,0.1847,0.0018,0.1682,0.0043,0.0498,-0.0030,-0.0333
20.6759,0.1750,2.8250,0.1745,2.5916,0.0005,0.2334,0.0006,0.1995,0.0003,0.1634,0.0042,0.0498,-0.0040,-0.0137
20.7262,0.1750,2.8250,0.1742,2.6040,0.0008,0.2210,0.0055,0.1798,0.0006,0.1547,0.0042,0.0498,0.0007,-0.0247
20.7765,0.1750,2.8250,0.1742,2.6081,0.0008,0.2169,0.0047,0.1936,0.0005,0.1519,0.0042,0.0498,-0.0001,-0.0081
20.8268,0.1750,2.8250,0.1746,2.6178,0.0004,0.2072,0.0038,0.1756,0.0003,0.1451,0.0042,0.0498,-0.0007,-0.0193
20.8771,0.1750,2.8250,0.1763,2.6247,-0.0013,0.2003,-0.0003,0.1762,-0.0009,0.1402,0.0042,0.0498,-0.0035,-0.0138
20.9273,0.2250,2.8750,0.1777,2.6349,0.0473,0.2401,0.0344,0.1970,0.0331,0.1681,0.0042,0.0498,-0.0027,-0.0203
20.9776,0.2250,2.8750,0.1801,2.6425,0.0449,0.2325,0.0308,0.1975,0.0314,0.1628,0.0042,0.0498,-0.0048,-0.0151
21.0279,0.2250,2.8750,0.1822,2.6504,0.0428,0.2246,0.0302,0.1913,0.0300,0.1572,0.0042,0.0498,-0.0040,-0.0157
21.0783,0.2250,2.8750,0.1809,2.6589,0.0441,0.2161,0.0375,0.1843,0.0308,0.1513,0.0043,0.0498,0.0024,-0.0168
21.1286,0.2250,2.8750,0.1820,2.6659,0.0430,0.2091,0.0324,0.1821,0.0301,0.1464,0.0043,0.0498,-0.0020,-0.0140
21.1789,0.2250,2.8750,0.1852,2.6741,0.0398,0.2009,0.0258,0.1742,0.0279,0.1406,0.0043,0.0498,-0.0064,-0.0162
21.2291,0.2250,2.9250,0.1872,2.6820,0.0378,0.2430,0.0259,0.1983,0.0264,0.1701,0.0043,0.0498,-0.0041,-0.0159
21.2793,0.2250,2.9250,0.1862,2.6915,0.0388,0.2335,0.0337,0.1946,0.0272,0.1635,0.0044,0.0498,0.0021,-0.0187
21.3296,0.2250,2.9250,0.1859,2.7003,0.0391,0.2247,0.0322,0.1895,0.0274,0.1573,0.0044,0.0498,0.0005,-0.0176
21.3798,0.2250,2.9250,0.1867,2.7093,0.0383,0.2157,0.0296,0.1829,0.0268,0.1510,0.0044,0.0498,-0.0016,-0.0179
21.4301,0.2250,2.9250,0.1882,2.7180,0.0368,0.2070,0.0272,0.1773,0.0257,0.1449,0.0044,0.0498,-0.0030,-0.0174
21.4803,0.2250,2.9750,0.1927,2.7288,0.0323,0.2462,0.0180,0.1992,0.0226,0.1724,0.0044,0.0498,-0.0089,-0.0214
21.5304,0.2250,2.9750,0.1947,2.7388,0.0303,0.2362,0.0216,0.1953,0.0212,0.1654,0.0044,0.0498,-0.0040,-0.0199
21.5807,0.2250,2.9750,0.1976,2.7519,0.0274,0.2231,0.0180,0.1797,0.0192,0.1561,0.0044,0.0498,-0.0057,-0.0263
21.6309,0.2250,2.9750,0.2000,2.7651,0.0250,0.2099,0.0171,0.1705,0.0175,0.1469,0.0044,0.0498,-0.0049,-0.0262
21.6812,0.2250,2.9750,0.2007,2.7723,0.0243,0.2027,0.0200,0.1774,0.0170,0.1419,0.0045,0.0498,-0.0014,-0.0143
21.7315,0.2750,3.0250,0.2002,2.7822,0.0748,0.2428,0.0556,0.1921,0.0524,0.1700,0.0045,0.0498,0.0011,-0.0196
21.7817,0.2750,3.0250,0.2013,2.7932,0.0737,0.2318,0.0540,0.1900,0.0516,0.1622,0.0046,0.0498,-0.0022,-0.0221
21.8320,0.2750,3.0250,0.2025,2.8033,0.0725,0.2217,0.0528,0.1851,0.0507,0.1552,0.0046,0.0498,-0.0025,-0.0199
21.8823,0.2750,3.0250,0.2018,2.8132,0.0732,0.2118,0.0575,0.1781,0.0513,0.1482,0.0047,0.0498,0.0015,-0.0199
21.9324,0.2750,3.0250,0.2041,2.8199,0.0709,0.2051,0.0497,0.1800,0.0496,0.1436,0.0047,0.0498,-0.0046,-0.0133
21.9828,0.2750,3.0250,0.2080,2.8298,0.0670,0.1952,0.0438,0.1667,0.0469,0.1366,0.0048,0.0498,-0.0079,-0.0197
22.0331,0.2750,3.0750,0.2101,2.8368,0.0649,0.2382,0.0445,0.1950,0.0455,0.1667,0.0048,0.0498,-0.0040,-0.0139
22.0835,0.2750,3.0750,0.2120,2.8432,0.0630,0.2318,0.0441,0.1951,0.0441,0.1623,0.0048,0.0498,-0.0038,-0.0127
22.1337,0.2750,3.0750,0.2132,2.8481,0.0618,0.2269,0.0449,0.1949,0.0433,0.1588,0.0049,0.0498,-0.0024,-0.0098
22.1840,0.2750,3.0750,0.2163,2.8548,0.0587,0.2202,0.0399,0.1906,0.0411,0.1541,0.0049,0.0498,-0.0061,-0.0133
22.2345,0.2750,3.0750,0.2224,2.8686,0.0526,0.2064,0.0296,0.1668,0.0368,0.1445,0.0050,0.0498,-0.0122,-0.0274
22.2848,0.2750,3.0750,0.2261,2.8763,0.0489,0.1987,0.0320,0.1737,0.0343,0.1391,0.0050,0.0498,-0.0073,-0.0151
22.3351,0.3250,3.1250,0.2273,2.8823,0.0977,0.2427,0.0647,0.1892,0.0684,0.1699,0.0051,0.0497,-0.0025,-0.0121
22.3854,0.3250,3.1250,0.2303,2.8888,0.0947,0.2362,0.0617,0.1903,0.0663,0.1653,0.0051,0.0497,-0.0059,-0.0129
22.4357,0.3250,3.1250,0.2343,2.8994,0.0907,0.2256,0.0606,0.1867,0.0635,0.1579,0.0052,0.0497,-0.0081,-0.0210
22.4860,0.3250,3.1250,0.2394,2.9084,0.0856,0.2166,0.0550,0.1835,0.0599,0.1516,0.0053,0.0497,-0.0101,-0.0179
22.5362,0.3250,3.1250,0.2413,2.9150,0.0837,0.2100,0.0601,0.1837,0.0586,0.1470,0.0053,0.0497,-0.0038,-0.0131
22.5865,0.3250,3.1250,0.2459,2.9237,0.0791,0.2013,0.0518,0.1732,0.0554,0.1409,0.0054,0.0497,-0.0090,-0.0174
22.6367,0.3250,3.1250,0.2480,2.9298,0.0770,0.1952,0.0549,0.1742,0.0539,0.1366,0.0054,0.0497,-0.0044,-0.0121
22.6870,0.3250,3.1250,0.2490,2.9384,0.0760,0.1866,0.0569,0.1631,0.0532,0.1306,0.0055,0.0497,-0.0018,-0.0172
22.7373,0.3250,3.1750,0.2497,2.9453,0.0753,0.2297,0.0554,0.1922,0.0527,0.1608,0.0055,0.0497,-0.0015,-0.0136
22.7875,0.3250,3.1750,0.2538,2.9539,0.0712,0.2211,0.0474,0.1872,0.0499,0.1548,0.0056,0.0497,-0.0080,-0.0172
22.8377,0.3250,3.1750,0.2594,2.9640,0.0656,0.2110,0.0403,0.1772,0.0459,0.1477,0.0056,0.0497,-0.0113,-0.0201
22.8880,0.3250,3.1750,0.2615,2.9762,0.0635,0.1988,0.0460,0.1647,0.0445,0.1392,0.0057,0.0497,-0.0041,-0.0242
22.9382,0.3250,3.1750,0.2637,2.9826,0.0613,0.1924,0.0441,0.1717,0.0429,0.1347,0.0057,0.0497,-0.0045,-0.0127
22.9885,0.3750,3.2250,0.2646,2.9867,0.1104,0.2383,0.0728,0.1863,0.0773,0.1668,0.0058,0.0497,-0.0017,-0.0082
23.0388,0.3750,3.2250,0.2723,3.0009,0.1027,0.2241,0.0625,0.1783,0.0719,0.1569,0.0059,0.0497,-0.0153,-0.0282
23.0893,0.3750,3.2250,0.2698,3.0114,0.1052,0.2136,0.0846,0.1782,0.0737,0.1495,0.0059,0.0496,0.0050,-0.0209
23.1395,0.3750,3.2250,0.2747,3.0200,0.1003,0.2050,0.0665,0.1761,0.0702,0.1435,0.0060,0.0496,-0.0098,-0.0170
23.1897,0.3750,3.2250,0.2777,3.0262,0.0973,0.1988,0.0682,0.1763,0.0681,0.1391,0.0061,0.0496,-0.0060,-0.0125
23.2400,0.3750,3.2250,0.2843,3.0367,0.0907,0.1883,0.0565,0.1606,0.0635,0.1318,0.0061,0.0496,-0.0132,-0.0208
23.2903,0.3750,3.2250,0.2865,3.0422,0.0885,0.1828,0.0639,0.1667,0.0620,0.1280,0.0062,0.0496,-0.0043,-0.0109
23.3405,0.3750,3.2750,0.2895,3.0495,0.0855,0.2255,0.0594,0.1910,0.0598,0.1578,0.0063,0.0496,-0.0061,-0.0146
23.3908,0.3750,3.2750,0.2909,3.0572,0.0841,0.2178,0.0625,0.1869,0.0589,0.1525,0.0063,0.0496,-0.0027,-0.0152
23.4410,0.3750,3.2750,0.2931,3.0624,0.0819,0.2126,0.0593,0.1880,0.0573,0.1488,0.0064,0.0496,-0.0044,-0.0104
23.4912,0.3750,3.2750,0.2943,3.0717,0.0807,0.2033,0.0604,0.1734,0.0565,0.1423,0.0064,0.0496,-0.0025,-0.0185
23.5415,0.3750,3.2750,0.2961,3.0789,0.0789,0.1961,0.0582,0.1725,0.0552,0.1373,0.0065,0.0496,-0.0035,-0.0144
23.5917,0.3750,3.2750,0.2993,3.0868,0.0757,0.1882,0.0533,0.1656,0.0530,0.1317,0.0065,0.0496,-0.0063,-0.0157
23.6419,0.4250,3.3250,0.3014,3.0919,0.1236,0.2331,0.0803,0.1832,0.0865,0.1632,0.0066,0.0496,-0.0043,-0.0101
23.6921,0.4250,3.3250,0.3041,3.0995,0.1209,0.2255,0.0818,0.1825,0.0847,0.1579,0.0067,0.0495,-0.0052,-0.0151
23.7424,0.4250,3.3250,0.3061,3.1046,0.1189,0.2204,0.0811,0.1828,0.0832,0.1543,0.0068,0.0495,-0.0041,-0.0102
23.7927,0.4250,3.3250,0.3106,3.1143,0.1144,0.2107,0.0779,0.1776,0.0801,0.1475,0.0069,0.0495,-0.0090,-0.0194
23.8429,0.4250,3.3250,0.3122,3.1222,0.1128,0.2028,0.0828,0.1759,0.0790,0.1420,0.0070,0.0495,-0.0031,-0.0156
23.8932,0.4250,3.3250,0.3181,3.1359,0.1069,0.1891,0.0700,0.1544,0.0748,0.1324,0.0070,0.0495,-0.0118,-0.0274
23.9434,0.4250,3.3250,0.3242,3.1446,0.1008,0.1804,0.0657,0.1585,0.0706,0.1263,0.0071,0.0495,-0.0120,-0.0172
23.9937,0.4250,3.3750,0.3295,3.1563,0.0955,0.2187,0.0635,0.1793,0.0669,0.1531,0.0072,0.0495,-0.0106,-0.0233
24.0438,0.4250,3.3750,0.3341,3.1633,0.0909,0.2117,0.0616,0.1838,0.0636,0.1482,0.0072,0.0495,-0.0092,-0.0139
24.0943,0.4250,3.3750,0.3377,3.1699,0.0873,0.2051,0.0614,0.1798,0.0611,0.1436,0.0073,0.0495,-0.0070,-0.0132
24.1447,0.4250,3.3750,0.3370,3.1823,0.0880,0.1927,0.0702,0.1598,0.0616,0.1349,0.0074,0.0495,0.0013,-0.0245
24.1950,0.4250,3.3750,0.3397,3.1923,0.0853,0.1827,0.0617,0.1573,0.0597,0.1279,0.0074,0.0494,-0.0054,-0.0200
24.2453,0.4750,3.4250,0.3422,3.2006,0.1328,0.2244,0.0898,0.1787,0.0929,0.1570,0.0075,0.0494,-0.0050,-0.0165
24.2956,0.4750,3.4250,0.3439,3.2048,0.1311,0.2202,0.0882,0.1795,0.0918,0.1542,0.0076,0.0494,-0.0033,-0.0082
24.3458,0.4750,3.4250,0.3460,3.2114,0.1290,0.2136,0.0902,0.1785,0.0903,0.1495,0.0077,0.0494,-0.0042,-0.0133
24.3960,0.4750,3.4250,0.3480,3.2194,0.1270,0.2056,0.0927,0.1772,0.0889,0.1439,0.0078,0.0494,-0.0039,-0.0159
24.4463,0.4750,3.4250,0.3492,3.2280,0.1258,0.1970,0.0936,0.1702,0.0881,0.1379,0.0079,0.0494,-0.0023,-0.0170
24.4966,0.4750,3.4250,0.3571,3.2390,0.1179,0.1860,0.0748,0.1576,0.0825,0.1302,0.0080,0.0494,-0.0157,-0.0219
24.5469,0.4750,3.4250,0.3650,3.2497,0.1100,0.1753,0.0692,0.1507,0.0770,0.1227,0.0081,0.0493,-0.0159,-0.0213
24.5972,0.4750,3.4750,0.3696,3.2557,0.1054,0.2193,0.0712,0.1869,0.0738,0.1535,0.0081,0.0493,-0.0091,-0.0118
24.6475,0.4750,3.4750,0.3802,3.2702,0.0948,0.2048,0.0535,0.1639,0.0664,0.1434,0.0082,0.0493,-0.0211,-0.0288
24.6978,0.4750,3.4750,0.3797,3.2760,0.0953,0.1990,0.0760,0.1769,0.0667,0.1393,0.0082,0.0493,0.0011,-0.0117
24.7481,0.4750,3.4750,0.3825,3.2871,0.0925,0.1879,0.0673,0.1589,0.0647,0.1315,0.0083,0.0493,-0.0057,-0.0220
24.7983,0.4750,3.4750,0.3828,3.2933,0.0922,0.1817,0.0723,0.1642,0.0645,0.1272,0.0084,0.0493,-0.0006,-0.0123
24.8486,0.4750,3.5250,0.3861,3.3031,0.0889,0.2219,0.0642,0.1849,0.0622,0.1553,0.0084,0.0493,-0.0064,-0.0197
24.8989,0.4750,3.5250,0.3882,3.3073,0.0868,0.2177,0.0638,0.1895,0.0608,0.1524,0.0085,0.0493,-0.0041,-0.0083
24.9491,0.4750,3.5250,0.3863,3.3187,0.0887,0.2063,0.0743,0.1711,0.0621,0.1444,0.0085,0.0493,0.0037,-0.0226
24.9994,0.4750,3.5250,0.3896,3.3262,0.0854,0.1988,0.0618,0.1735,0.0598,0.1392,0.0086,0.0493,-0.0066,-0.0149
25.0497,0.4750,3.5250,0.3934,3.3340,0.0816,0.1910,0.0582,0.1675,0.0571,0.1337,0.0086,0.0493,-0.0076,-0.0155
25.1001,0.5250,3.5750,0.4026,3.3475,0.1224,0.2275,0.0761,0.1817,0.0857,0.1593,0.0087,0.0492,-0.0183,-0.0268
25.1503,0.5250,3.5750,0.4054,3.3555,0.1196,0.2195,0.0843,0.1814,0.0837,0.1537,0.0088,0.0492,-0.0056,-0.0159
25.2006,0.5250,3.5750,0.4106,3.3652,0.1144,0.2098,0.0787,0.1767,0.0801,0.1468,0.0088,0.0492,-0.0103,-0.0194
25.2509,0.5250,3.5750,0.4148,3.3729,0.1102,0.2021,0.0777,0.1755,0.0772,0.1415,0.0089,0.0492,-0.0083,-0.0152
25.3011,0.5250,3.5750,0.4217,3.3837,0.1033,0.1913,0.0676,0.1614,0.0723,0.1339,0.0090,0.0492,-0.0137,-0.0216
25.3514,0.5250,3.5750,0.4242,3.3940,0.1008,0.1810,0.0746,0.1555,0.0706,0.1267,0.0090,0.0492,-0.0050,-0.0204
25.4017,0.5250,3.5750,0.4268,3.3998,0.0982,0.1752,0.0727,0.1601,0.0688,0.1226,0.0091,0.0492,-0.0051,-0.0117
25.4519,0.5250,3.6250,0.4309,3.4069,0.0941,0.2181,0.0668,0.1877,0.0659,0.1526,0.0092,0.0492,-0.0082,-0.0141
25.5021,0.5250,3.6250,0.4360,3.4168,0.0890,0.2082,0.0612,0.1752,0.0623,0.1457,0.0092,0.0491,-0.0103,-0.0197
25.5523,0.5250,3.6250,0.4379,3.4217,0.0871,0.2033,0.0665,0.1817,0.0610,0.1423,0.0093,0.0491,-0.0037,-0.0098
25.6025,0.5250,3.6250,0.4406,3.4280,0.0844,0.1970,0.0631,0.1746,0.0591,0.1379,0.0093,0.0491,-0.0053,-0.0125
25.6528,0.5250,3.6250,0.4416,3.4404,0.0834,0.1846,0.0656,0.1537,0.0584,0.1292,0.0093,0.0491,-0.0021,-0.0247
25.7031,0.5750,3.6750,0.4441,3.4464,0.1309,0.2286,0.0876,0.1798,0.0916,0.1600,0.0094,0.0491,-0.0049,-0.0119
25.7533,0.5750,3.6750,0.4479,3.4565,0.1271,0.2185,0.0895,0.1789,0.0890,0.1530,0.0095,0.0491,-0.0075,-0.0202
25.8036,0.5750,3.6750,0.4513,3.4630,0.1237,0.2120,0.0871,0.1800,0.0866,0.1484,0.0096,0.0491,-0.0069,-0.0130
25.8539,0.5750,3.6750,0.4541,3.4678,0.1209,0.2072,0.0866,0.1803,0.0846,0.1450,0.0097,0.0491,-0.0056,-0.0096
25.9042,0.5750,3.6750,0.4592,3.4768,0.1158,0.1982,0.0807,0.1698,0.0810,0.1387,0.0097,0.0490,-0.0101,-0.0180
25.9544,0.5750,3.6750,0.4643,3.4852,0.1107,0.1898,0.0772,0.1652,0.0775,0.1328,0.0098,0.0490,-0.0101,-0.0167
26.0049,0.5750,3.6750,0.4664,3.4924,0.1086,0.1826,0.0817,0.1626,0.0760,0.1278,0.0099,0.0490,-0.0042,-0.0143
26.0552,0.5750,3.7250,0.4735,3.5067,0.1015,0.2183,0.0670,0.1734,0.0710,0.1528,0.0099,0.0490,-0.0140,-0.0284
26.1055,0.5750,3.7250,0.4774,3.5126,0.0976,0.2124,0.0706,0.1860,0.0683,0.1487,0.0100,0.0490,-0.0077,-0.0117
26.1558,0.5750,3.7250,0.4854,3.5248,0.0896,0.2002,0.0567,0.1648,0.0627,0.1401,0.0100,0.0490,-0.0160,-0.0243
26.2061,0.5750,3.7250,0.4878,3.5306,0.0872,0.1944,0.0664,0.1736,0.0611,0.1361,0.0101,0.0490,-0.0047,-0.0115
26.2563,0.5750,3.7750,0.4963,3.5447,0.0787,0.2303,0.0483,0.1821,0.0551,0.1612,0.0101,0.0490,-0.0169,-0.0280
26.3065,0.5750,3.7750,0.5019,3.5532,0.0731,0.2218,0.0501,0.1872,0.0512,0.1552,0.0101,0.0490,-0.0112,-0.0170
26.3568,0.5750,3.7750,0.5062,3.5646,0.0688,0.2104,0.0499,0.1737,0.0482,0.1473,0.0102,0.0490,-0.0085,-0.0226
26.4070,0.5750,3.7750,0.5082,3.5711,0.0668,0.2039,0.0529,0.1786,0.0468,0.1427,0.0102,0.0490,-0.0041,-0.0130
26.4573,0.5750,3.7750,0.5089,3.5801,0.0661,0.1949,0.0552,0.1674,0.0463,0.1364,0.0102,0.0489,-0.0013,-0.0179
26.5076,0.5750,3.8250,0.5105,3.5896,0.0645,0.2354,0.0516,0.1932,0.0451,0.1648,0.0102,0.0489,-0.0033,-0.0188
26.5579,0.5750,3.8250,0.5141,3.5978,0.0609,0.2272,0.0458,0.1917,0.0427,0.1591,0.0102,0.0489,-0.0070,-0.0163
26.6081,0.5750,3.8250,0.5186,3.6061,0.0564,0.2189,0.0406,0.1857,0.0395,0.1533,0.0103,0.0489,-0.0091,-0.0165
26.6585,0.5750,3.8250,0.5216,3.6154,0.0534,0.2096,0.0417,0.1770,0.0374,0.1467,0.0103,0.0489,-0.0059,-0.0186
26.7088,0.5750,3.8250,0.5215,3.6223,0.0535,0.2027,0.0479,0.1772,0.0374,0.1419,0.0103,0.0489,0.0002,-0.0136
26.7591,0.5750,3.8750,0.5240,3.6336,0.0510,0.2414,0.0412,0.1954,0.0357,0.1690,0.0103,0.0489,-0.0048,-0.0225
26.8094,0.5750,3.8750,0.5285,3.6420,0.0465,0.2330,0.0337,0.1954,0.0325,0.1631,0.0103,0.0489,-0.0091,-0.0166
26.8597,0.5750,3.8750,0.5314,3.6543,0.0436,0.2207,0.0350,0.1790,0.0305,0.1545,0.0103,0.0489,-0.0058,-0.0245
26.9101,0.5750,3.8750,0.5343,3.6638,0.0407,0.2112,0.0331,0.1780,0.0285,0.1479,0.0103,0.0489,-0.0057,-0.0188
26.9603,0.5750,3.8750,0.5377,3.6717,0.0373,0.2033,0.0296,0.1755,0.0261,0.1423,0.0103,0.0489,-0.0068,-0.0157
27.0106,0.5750,3.9250,0.5374,3.6802,0.0376,0.2448,0.0360,0.1967,0.0263,0.1714,0.0102,0.0489,0.0006,-0.0169
27.0608,0.5750,3.9250,0.5371,3.6868,0.0379,0.2382,0.0363,0.1967,0.0266,0.1667,0.0102,0.0489,0.0006,-0.0132
27.1113,0.5750,3.9250,0.5409,3.6964,0.0341,0.2286,0.0264,0.1898,0.0238,0.1600,0.0102,0.0489,-0.0077,-0.0191
27.1615,0.5750,3.9250,0.5442,3.7066,0.0308,0.2184,0.0252,0.1816,0.0215,0.1529,0.0102,0.0489,-0.0066,-0.0202
27.2117,0.5750,3.9250,0.5434,3.7158,0.0316,0.2092,0.0341,0.1770,0.0221,0.1464,0.0102,0.0489,0.0017,-0.0184
27.2619,0.5750,3.9250,0.5423,3.7225,0.0327,0.2025,0.0352,0.1775,0.0229,0.1418,0.0102,0.0490,0.0021,-0.0132
27.3122,0.5750,3.9750,0.5458,3.7310,0.0292,0.2440,0.0232,0.1986,0.0204,0.1708,0.0102,0.0490,-0.0069,-0.0171
27.3625,0.5750,3.9750,0.5515,3.7449,0.0235,0.2301,0.0151,0.1825,0.0164,0.1611,0.0101,0.0490,-0.0114,-0.0275
27.4128,0.5750,3.9750,0.5499,3.7546,0.0251,0.2204,0.0310,0.1840,0.0176,0.1543,0.0101,0.0490,0.0033,-0.0193
27.4630,0.5750,3.9750,0.5513,3.7613,0.0237,0.2137,0.0239,0.1851,0.0166,0.1496,0.0101,0.0490,-0.0028,-0.0134
27.5133,0.5750,3.9750,0.5514,3.7678,0.0236,0.2072,0.0263,0.1811,0.0165,0.1450,0.0101,0.0490,-0.0003,-0.0129
27.5635,0.5750,4.0250,0.5527,3.7804,0.0223,0.2446,0.0232,0.1951,0.0156,0.1712,0.0101,0.0490,-0.0025,-0.0251
27.6138,0.5750,4.0250,0.5548,3.7869,0.0202,0.2381,0.0197,0.1990,0.0142,0.1667,0.0100,0.0490,-0.0042,-0.0128
27.6641,0.5750,4.0250,0.5536,3.7983,0.0214,0.2267,0.0274,0.1851,0.0150,0.1587,0.0100,0.0490,0.0024,-0.0226
27.7143,0.5750,4.0250,0.5515,3.8075,0.0235,0.2175,0.0305,0.1829,0.0164,0.1523,0.0100,0.0490,0.0041,-0.0184
27.7646,0.5750,4.0250,0.5550,3.8160,0.0200,0.2090,0.0172,0.1783,0.0140,0.1463,0.0100,0.0490,-0.0068,-0.0170
27.8149,0.5750,4.0250,0.5572,3.8236,0.0178,0.2014,0.0178,0.1748,0.0124,0.1410,0.0099,0.0490,-0.0046,-0.0151
27.8651,0.5750,4.0750,0.5614,3.8389,0.0136,0.2361,0.0112,0.1839,0.0095,0.1653,0.0099,0.0490,-0.0082,-0.0304
27.9155,0.5750,4.0750,0.5617,3.8475,0.0133,0.2275,0.0186,0.1912,0.0093,0.1592,0.0099,0.0490,-0.0006,-0.0171
27.9657,0.5750,4.0750,0.5613,3.8547,0.0137,0.2203,0.0201,0.1888,0.0096,0.1542,0.0098,0.0490,0.0007,-0.0144
28.0160,0.5750,4.0750,0.5651,3.8643,0.0099,0.2107,0.0093,0.1776,0.0069,0.1475,0.0098,0.0490,-0.0074,-0.0189
28.0663,0.5750,4.0750,0.5656,3.8693,0.0094,0.2057,0.0152,0.1831,0.0066,0.1440,0.0098,0.0490,-0.0011,-0.0100
28.1167,0.5750,4.1250,0.5647,3.8784,0.0103,0.2466,0.0183,0.1992,0.0072,0.1726,0.0097,0.0490,0.0018,-0.0182
28.1670,0.5750,4.1250,0.5644,3.8865,0.0106,0.2385,0.0177,0.1992,0.0074,0.1670,0.0097,0.0490,0.0007,-0.0160
28.2172,0.5750,4.1250,0.5620,3.8971,0.0130,0.2279,0.0237,0.1874,0.0091,0.1595,0.0097,0.0491,0.0049,-0.0211
28.2675,0.5750,4.1250,0.5596,3.9077,0.0154,0.2173,0.0252,0.1800,0.0108,0.1521,0.0097,0.0491,0.0048,-0.0212
28.3178,0.5750,4.1250,0.5610,3.9144,0.0140,0.2106,0.0166,0.1832,0.0098,0.1474,0.0096,0.0491,-0.0029,-0.0133
28.3681,0.5750,4.1250,0.5616,3.9186,0.0134,0.2064,0.0178,0.1852,0.0094,0.1445,0.0096,0.0491,-0.0012,-0.0084
28.4183,0.5750,4.1750,0.5616,3.9275,0.0134,0.2475,0.0183,0.1992,0.0093,0.1733,0.0096,0.0491,-0.0001,-0.0176
28.4686,0.5750,4.1750,0.5619,3.9353,0.0131,0.2397,0.0179,0.1992,0.0091,0.1678,0.0095,0.0491,-0.0006,-0.0156
28.5189,0.5750,4.1750,0.5625,3.9413,0.0125,0.2337,0.0170,0.1993,0.0087,0.1636,0.0095,0.0491,-0.0011,-0.0119
28.5691,0.5750,4.1750,0.5633,3.9499,0.0117,0.2251,0.0162,0.1895,0.0082,0.1576,0.0095,0.0491,-0.0015,-0.0172
28.6194,0.5750,4.1750,0.5640,3.9565,0.0110,0.2185,0.0157,0.1890,0.0077,0.1530,0.0094,0.0491,-0.0015,-0.0131
28.6696,0.5750,4.1750,0.5648,3.9672,0.0102,0.2078,0.0149,0.1733,0.0071,0.1455,0.0094,0.0491,-0.0017,-0.0213
28.7199,0.5750,4.1750,0.5647,3.9752,0.0103,0.1998,0.0168,0.1730,0.0072,0.1399,0.0094,0.0491,0.0003,-0.0160
28.7702,0.5750,4.2250,0.5629,3.9872,0.0121,0.2378,0.0213,0.1917,0.0084,0.1664,0.0094,0.0491,0.0035,-0.0239
28.8205,0.5750,4.2250,0.5667,3.9957,0.0083,0.2293,0.0078,0.1927,0.0058,0.1605,0.0093,0.0491,-0.0074,-0.0169
28.8708,0.5750,4.2250,0.5679,4.0078,0.0071,0.2172,0.0118,0.1771,0.0050,0.1520,0.0093,0.0491,-0.0024,-0.0241
28.9210,0.5750,4.2250,0.5693,4.0158,0.0057,0.2092,0.0104,0.1798,0.0040,0.1465,0.0093,0.0491,-0.0029,-0.0158
28.9713,0.5750,4.2250,0.5702,4.0203,0.0048,0.2047,0.0108,0.1835,0.0034,0.1433,0.0092,0.0491,-0.0018,-0.0090
29.0215,0.5750,4.2750,0.5685,4.0309,0.0065,0.2441,0.0173,0.1988,0.0046,0.1709,0.0092,0.0491,0.0035,-0.0212
29.0717,0.5750,4.2750,0.5673,4.0364,0.0077,0.2386,0.0163,0.1993,0.0054,0.1670,0.0091,0.0492,0.0023,-0.0109
29.1221,0.5750,4.2750,0.5691,4.0476,0.0059,0.2274,0.0098,0.1862,0.0042,0.1592,0.0091,0.0492,-0.0034,-0.0222
29.1723,0.5750,4.2750,0.5705,4.0550,0.0045,0.2200,0.0094,0.1883,0.0032,0.1540,0.0091,0.0492,-0.0029,-0.0149
29.2226,0.5750,4.2750,0.5727,4.0646,0.0023,0.2104,0.0063,0.1774,0.0016,0.1473,0.0090,0.0492,-0.0044,-0.0190
29.2729,0.5750,4.3250,0.5724,4.0758,0.0026,0.2492,0.0112,0.1997,0.0018,0.1744,0.0090,0.0492,0.0005,-0.0223
29.3231,0.5750,4.3250,0.5733,4.0838,0.0017,0.2412,0.0084,0.1998,0.0012,0.1689,0.0090,0.0492,-0.0017,-0.0158
29.3734,0.5750,4.3250,0.5775,4.0944,-0.0025,0.2306,-0.0011,0.1894,-0.0017,0.1614,0.0089,0.0492,-0.0083,-0.0212
29.4237,0.5750,4.3250,0.5793,4.1049,-0.0043,0.2201,0.0023,0.1824,-0.0030,0.1541,0.0089,0.0492,-0.0036,-0.0209
29.4739,0.5750,4.3250,0.5785,4.1157,-0.0035,0.2093,0.0080,0.1743,-0.0024,0.1465,0.0088,0.0492,0.0016,-0.0214
29.5242,0.5750,4.3250,0.5787,4.1243,-0.0037,0.2007,0.0058,0.1726,-0.0026,0.1405,0.0088,0.0492,-0.0004,-0.0171
29.5745,0.6250,4.3750,0.5787,4.1299,0.0463,0.2451,0.0373,0.1898,0.0324,0.1716,0.0088,0.0492,-0.0000,-0.0111
29.6247,0.6250,4.3750,0.5794,4.1385,0.0456,0.2365,0.0373,0.1881,0.0319,0.1655,0.0088,0.0492,-0.0015,-0.0171
29.6750,0.6250,4.3750,0.5824,4.1481,0.0426,0.2269,0.0323,0.1866,0.0298,0.1588,0.0088,0.0492,-0.0059,-0.0191
29.7252,0.6250,4.3750,0.5850,4.1560,0.0400,0.2190,0.0313,0.1848,0.0280,0.1533,0.0088,0.0492,-0.0052,-0.0158
29.7755,0.6250,4.3750,0.5885,4.1628,0.0365,0.2122,0.0272,0.1834,0.0255,0.1485,0.0088,0.0492,-0.0070,-0.0134
29.8260,0.6250,4.3750,0.5933,4.1756,0.0317,0.1994,0.0214,0.1634,0.0222,0.1396,0.0088,0.0492,-0.0096,-0.0254
29.8762,0.6250,4.4250,0.5959,4.1866,0.0291,0.2384,0.0221,0.1783,0.0204,0.1669,0.0088,0.0492,-0.0051,-0.0218
29.9265,0.6250,4.4250,0.5973,4.1937,0.0277,0.2313,0.0228,0.1767,0.0194,0.1619,0.0088,0.0492,-0.0028,-0.0143
29.9768,0.6250,4.4250,0.5954,4.2031,0.0296,0.2219,0.0311,0.1744,0.0207,0.1554,0.0088,0.0492,0.0037,-0.0185
30.0270,0.6250,4.4250,0.5965,4.2117,0.0285,0.2133,0.0255,0.1737,0.0200,0.1493,0.0088,0.0492,-0.0021,-0.0172
30.0773,0.6250,4.4250,0.5969,4.2169,0.0281,0.2081,0.0257,0.1728,0.0196,0.1457,0.0087,0.0492,-0.0009,-0.0103
30.1278,0.6250,4.4250,0.5974,4.2241,0.0276,0.2009,0.0264,0.1715,0.0193,0.1406,0.0087,0.0492,-0.0010,-0.0142
30.1781,0.6750,4.4750,0.5978,4.2296,0.0772,0.2454,0.0489,0.1656,0.0540,0.1718,0.0088,0.0492,-0.0007,-0.0109
30.2283,0.6750,4.4750,0.5980,4.2367,0.0770,0.2383,0.0506,0.1640,0.0539,0.1668,0.0088,0.0492,-0.0004,-0.0141
30.2786,0.6750,4.4750,0.5969,4.2454,0.0781,0.2296,0.0552,0.1615,0.0547,0.1607,0.0088,0.0492,0.0023,-0.0173
30.3289,0.6750,4.4750,0.5989,4.2521,0.0761,0.2229,0.0491,0.1620,0.0533,0.1560,0.0089,0.0492,-0.0040,-0.0133
30.3792,0.6750,4.4750,0.6025,4.2602,0.0725,0.2148,0.0460,0.1608,0.0507,0.1504,0.0089,0.0492,-0.0072,-0.0161
30.4293,0.6750,4.4750,0.6067,4.2685,0.0683,0.2065,0.0436,0.1593,0.0478,0.1445,0.0089,0.0492,-0.0083,-0.0166
30.4796,0.6750,4.4750,0.6084,4.2741,0.0666,0.2009,0.0460,0.1575,0.0466,0.1406,0.0090,0.0492,-0.0034,-0.0111
30.5299,0.7250,4.5250,0.6130,4.2851,0.1120,0.2399,0.0601,0.1499,0.0784,0.1680,0.0090,0.0492,-0.0092,-0.0218
30.5801,0.7250,4.5250,0.6143,4.2921,0.1107,0.2329,0.0626,0.1477,0.0775,0.1631,0.0091,0.0492,-0.0025,-0.0139
30.6304,0.7250,4.5250,0.6184,4.2998,0.1066,0.2252,0.0583,0.1474,0.0747,0.1576,0.0092,0.0492,-0.0081,-0.0155
30.6806,0.7250,4.5250,0.6239,4.3094,0.1011,0.2156,0.0556,0.1458,0.0708,0.1509,0.0092,0.0491,-0.0110,-0.0190
30.7309,0.7250,4.5250,0.6259,4.3194,0.0991,0.2056,0.0612,0.1419,0.0694,0.1439,0.0093,0.0491,-0.0041,-0.0201
30.7812,0.7250,4.5250,0.6281,4.3249,0.0969,0.2001,0.0580,0.1420,0.0678,0.1401,0.0093,0.0491,-0.0043,-0.0108
30.8313,0.7250,4.5250,0.6298,4.3294,0.0952,0.1956,0.0578,0.1411,0.0666,0.1369,0.0094,0.0491,-0.0035,-0.0089
30.8816,0.7250,4.5250,0.6347,4.3373,0.0903,0.1877,0.0537,0.1406,0.0632,0.1314,0.0094,0.0491,-0.0097,-0.0159
30.9319,0.7750,4.5250,0.6385,4.3449,0.1365,0.1801,0.0774,0.1271,0.0955,0.1261,0.0095,0.0491,-0.0075,-0.0150
30.9822,0.7750,4.5250,0.6410,4.3499,0.1340,0.1751,0.0769,0.1262,0.0938,0.1226,0.0096,0.0491,-0.0050,-0.0100
31.0326,0.7750,4.5250,0.6434,4.3554,0.1316,0.1696,0.0772,0.1248,0.0921,0.1187,0.0097,0.0490,-0.0048,-0.0108
31.0829,0.7750,4.5250,0.6471,4.3612,0.1279,0.1638,0.0752,0.1243,0.0895,0.1147,0.0098,0.0490,-0.0073,-0.0115
31.1334,0.7750,4.5250,0.6500,4.3656,0.1250,0.1594,0.0746,0.1234,0.0875,0.1115,0.0099,0.0490,-0.0058,-0.0089
31.1836,0.8250,4.5250,0.6543,4.3720,0.1707,0.1530,0.0919,0.1090,0.1195,0.1071,0.0101,0.0490,-0.0086,-0.0126
31.2339,0.8250,4.5250,0.6607,4.3806,0.1643,0.1444,0.0907,0.1071,0.1150,0.1011,0.0102,0.0490,-0.0126,-0.0172
31.2842,0.8250,4.5250,0.6636,4.3846,0.1614,0.1404,0.0898,0.1065,0.1129,0.0983,0.0103,0.0489,-0.0059,-0.0080
31.3346,0.8250,4.5250,0.6666,4.3881,0.1584,0.1369,0.0888,0.1060,0.1109,0.0958,0.0104,0.0489,-0.0059,-0.0069
31.3849,0.8250,4.5250,0.6699,4.3919,0.1551,0.1331,0.0881,0.1052,0.1086,0.0932,0.0106,0.0489,-0.0064,-0.0075
31.4352,0.8750,4.5750,0.6730,4.3956,0.2020,0.1794,0.0895,0.1026,0.1414,0.1256,0.0107,0.0488,-0.0063,-0.0074
31.4854,0.8750,4.5750,0.6759,4.3990,0.1991,0.1760,0.0890,0.1018,0.1394,0.1232,0.0109,0.0488,-0.0057,-0.0068
31.5357,0.8750,4.5750,0.6794,4.4032,0.1956,0.1718,0.0884,0.1008,0.1369,0.1203,0.0110,0.0488,-0.0070,-0.0083
31.5859,0.8750,4.5750,0.6850,4.4098,0.1900,0.1652,0.0874,0.0993,0.1330,0.1156,0.0112,0.0487,-0.0111,-0.0132
31.6361,0.8750,4.5750,0.6874,4.4127,0.1876,0.1623,0.0869,0.0988,0.1313,0.1136,0.0113,0.0487,-0.0048,-0.0057
31.6863,0.8750,4.5750,0.6906,4.4165,0.1844,0.1585,0.0864,0.0979,0.1291,0.1110,0.0114,0.0487,-0.0063,-0.0076
31.7368,0.8750,4.5750,0.6949,4.4217,0.1801,0.1533,0.0858,0.0968,0.1261,0.1073,0.0116,0.0486,-0.0085,-0.0103
31.7870,0.8750,4.5750,0.6985,4.4260,0.1765,0.1490,0.0851,0.0959,0.1235,0.1043,0.0117,0.0486,-0.0072,-0.0087
31.8374,0.8750,4.5750,0.7008,4.4288,0.1742,0.1462,0.0847,0.0953,0.1219,0.1023,0.0118,0.0486,-0.0046,-0.0056
31.8877,0.8750,4.5750,0.7050,4.4338,0.1700,0.1412,0.0841,0.0943,0.1190,0.0988,0.0120,0.0485,-0.0083,-0.0099
31.9378,0.8750,4.5750,0.7094,4.4390,0.1656,0.1360,0.0834,0.0933,0.1159,0.0952,0.0121,0.0485,-0.0087,-0.0103
31.9881,0.8750,4.5750,0.7143,4.4448,0.1607,0.1302,0.0826,0.0921,0.1125,0.0911,0.0122,0.0485,-0.0099,-0.0116
32.0384,0.8750,4.5750,0.7168,4.4477,0.1582,0.1273,0.0822,0.0917,0.1107,0.0891,0.0123,0.0485,-0.0049,-0.0058
32.0887,0.9250,4.5750,0.7211,4.4527,0.2039,0.1223,0.0931,0.0788,0.1427,0.0856,0.0125,0.0484,-0.0085,-0.0099
32.1393,0.9250,4.5750,0.7250,4.4572,0.2000,0.1178,0.0926,0.0779,0.1400,0.0824,0.0127,0.0484,-0.0078,-0.0090
32.1895,0.9250,4.5750,0.7316,4.4642,0.1934,0.1108,0.0919,0.0762,0.1354,0.0776,0.0128,0.0483,-0.0131,-0.0138
32.2398,0.9250,4.5750,0.7362,4.4689,0.1888,0.1061,0.0909,0.0757,0.1322,0.0743,0.0130,0.0483,-0.0091,-0.0093
32.2900,0.9250,4.5750,0.7423,4.4749,0.1827,0.1001,0.0902,0.0744,0.1279,0.0700,0.0131,0.0483,-0.0123,-0.0121
32.3402,0.9250,4.5750,0.7462,4.4787,0.1788,0.0963,0.0895,0.0740,0.1252,0.0674,0.0133,0.0482,-0.0077,-0.0075
32.3905,0.9750,4.5750,0.7502,4.4825,0.2248,0.0925,0.0967,0.0626,0.1574,0.0648,0.0134,0.0482,-0.0079,-0.0075
32.4407,0.9750,4.5750,0.7537,4.4855,0.2213,0.0895,0.0960,0.0623,0.1549,0.0627,0.0136,0.0481,-0.0070,-0.0060
32.4909,0.9750,4.5750,0.7577,4.4891,0.2173,0.0859,0.0958,0.0612,0.1521,0.0601,0.0138,0.0481,-0.0080,-0.0072
32.5412,0.9750,4.5750,0.7618,4.4928,0.2132,0.0822,0.0954,0.0604,0.1492,0.0575,0.0140,0.0480,-0.0082,-0.0074
32.5914,0.9750,4.5750,0.7680,4.4984,0.2070,0.0766,0.0951,0.0586,0.1449,0.0536,0.0141,0.0480,-0.0122,-0.0111
32.6416,0.9750,4.5750,0.7718,4.5018,0.2032,0.0732,0.0944,0.0586,0.1423,0.0513,0.0143,0.0479,-0.0076,-0.0067
32.6919,0.9750,4.5750,0.7770,4.5061,0.1980,0.0689,0.0939,0.0576,0.1386,0.0482,0.0145,0.0479,-0.0104,-0.0087
32.7421,0.9750,4.5750,0.7792,4.5076,0.1958,0.0674,0.0931,0.0581,0.1371,0.0472,0.0146,0.0478,-0.0043,-0.0030
32.7923,0.9750,4.5750,0.7843,4.5118,0.1907,0.0632,0.0932,0.0564,0.1335,0.0442,0.0148,0.0478,-0.0102,-0.0084
32.8426,0.9500,4.4300,0.7869,4.5137,0.1631,-0.0837,0.1078,-0.0126,0.1142,-0.0586,0.0150,0.0477,-0.0052,-0.0036
32.8929,0.9500,4.4300,0.7928,4.5164,0.1572,-0.0864,0.1060,-0.0171,0.1101,-0.0605,0.0151,0.0476,-0.0117,-0.0055
32.9432,0.9500,4.4300,0.7988,4.5205,0.1512,-0.0905,0.1040,-0.0228,0.1058,-0.0633,0.0153,0.0475,-0.0120,-0.0081
32.9935,0.9500,4.4300,0.8030,4.5194,0.1470,-0.0894,0.1045,-0.0123,0.1029,-0.0626,0.0154,0.0474,-0.0084,0.0022
33.0438,0.9500,4.4300,0.8068,4.5189,0.1432,-0.0889,0.1034,-0.0133,0.1003,-0.0622,0.0156,0.0473,-0.0074,0.0009
33.0940,0.9500,4.4300,0.8125,4.5187,0.1375,-0.0887,0.1005,-0.0146,0.0962,-0.0621,0.0157,0.0472,-0.0115,0.0003
33.1444,0.9500,4.4300,0.8198,4.5202,0.1302,-0.0902,0.0926,-0.0189,0.0911,-0.0631,0.0158,0.0471,-0.0144,-0.0029
33.1947,0.9500,4.4300,0.8239,4.5214,0.1261,-0.0914,0.0961,-0.0194,0.0883,-0.0640,0.0160,0.0470,-0.0081,-0.0024
33.2450,0.9500,4.4300,0.8281,4.5212,0.1219,-0.0912,0.0930,-0.0164,0.0853,-0.0638,0.0161,0.0470,-0.0084,0.0005
33.2952,0.9500,4.4300,0.8305,4.5207,0.1195,-0.0907,0.0949,-0.0156,0.0836,-0.0635,0.0162,0.0469,-0.0049,0.0010
33.3455,0.9500,4.4300,0.8364,4.5182,0.1136,-0.0882,0.0841,-0.0101,0.0795,-0.0618,0.0163,0.0468,-0.0117,0.0049
33.3957,0.9500,4.4300,0.8389,4.5179,0.1111,-0.0879,0.0893,-0.0142,0.0778,-0.0615,0.0164,0.0467,-0.0049,0.0006
33.4459,0.9500,4.4300,0.8426,4.5177,0.1074,-0.0877,0.0844,-0.0143,0.0752,-0.0614,0.0165,0.0466,-0.0074,0.0005
33.4962,0.9500,4.4300,0.8453,4.5174,0.1047,-0.0874,0.0846,-0.0142,0.0733,-0.0612,0.0166,0.0465,-0.0053,0.0005
33.5465,0.9500,4.4300,0.8511,4.5153,0.0989,-0.0853,0.0742,-0.0090,0.0692,-0.0597,0.0167,0.0464,-0.0117,0.0043
33.5968,0.9500,4.4300,0.8543,4.5151,0.0957,-0.0851,0.0775,-0.0130,0.0670,-0.0596,0.0168,0.0463,-0.0063,0.0003
33.6472,0.9500,4.4300,0.8571,4.5153,0.0929,-0.0853,0.0763,-0.0137,0.0650,-0.0597,0.0169,0.0463,-0.0056,-0.0003
33.6975,0.9500,4.4300,0.8607,4.5151,0.0893,-0.0851,0.0725,-0.0131,0.0625,-0.0596,0.0170,0.0462,-0.0070,0.0003
33.7478,0.9500,4.4300,0.8657,4.5165,0.0843,-0.0865,0.0662,-0.0173,0.0590,-0.0606,0.0171,0.0461,-0.0099,-0.0028
33.7981,0.9500,4.4300,0.8679,4.5156,0.0821,-0.0856,0.0703,-0.0120,0.0575,-0.0599,0.0172,0.0460,-0.0044,0.0019
33.8483,0.9500,4.4300,0.8717,4.5154,0.0783,-0.0854,0.0645,-0.0134,0.0548,-0.0598,0.0173,0.0459,-0.0076,0.0004
33.8985,0.9500,4.4300,0.8769,4.5126,0.0731,-0.0826,0.0582,-0.0066,0.0512,-0.0578,0.0173,0.0458,-0.0103,0.0054
33.9488,0.9500,4.4300,0.8799,4.5126,0.0701,-0.0826,0.0606,-0.0119,0.0491,-0.0578,0.0174,0.0457,-0.0059,0.0001
33.9991,0.9500,4.4300,0.8823,4.5121,0.0677,-0.0821,0.0600,-0.0108,0.0474,-0.0574,0.0175,0.0457,-0.0048,0.0010
34.0494,0.9500,4.4300,0.8843,4.5119,0.0657,-0.0819,0.0595,-0.0113,0.0460,-0.0573,0.0175,0.0456,-0.0040,0.0004
34.0996,0.9500,4.4300,0.8865,4.5117,0.0635,-0.0817,0.0577,-0.0112,0.0444,-0.0572,0.0176,0.0455,-0.0044,0.0004
34.1500,0.9500,4.4300,0.8884,4.5115,0.0616,-0.0815,0.0569,-0.0112,0.0431,-0.0570,0.0177,0.0454,-0.0038,0.0004
34.2003,0.9500,4.4300,0.8906,4.5113,0.0594,-0.0813,0.0551,-0.0112,0.0416,-0.0569,0.0177,0.0453,-0.0043,0.0004
34.2505,0.9500,4.4300,0.8926,4.5111,0.0574,-0.0811,0.0540,-0.0111,0.0402,-0.0567,0.0178,0.0453,-0.0040,0.0004
34.3008,0.9500,4.4300,0.8945,4.5109,0.0555,-0.0809,0.0528,-0.0110,0.0388,-0.0566,0.0178,0.0452,-0.0038,0.0004
34.3510,0.9500,4.4300,0.8970,4.5099,0.0530,-0.0799,0.0501,-0.0090,0.0371,-0.0560,0.0179,0.0451,-0.0049,0.0018
34.4013,0.9500,4.4300,0.9014,4.5076,0.0486,-0.0776,0.0430,-0.0047,0.0340,-0.0543,0.0179,0.0450,-0.0089,0.0046
34.4515,0.9500,4.4300,0.9035,4.5067,0.0465,-0.0767,0.0464,-0.0070,0.0325,-0.0537,0.0180,0.0449,-0.0041,0.0017
34.5018,0.9500,4.4300,0.9052,4.5064,0.0448,-0.0764,0.0460,-0.0079,0.0314,-0.0535,0.0180,0.0449,-0.0034,0.0007
34.5521,0.9500,4.4300,0.9068,4.5061,0.0432,-0.0761,0.0451,-0.0079,0.0302,-0.0533,0.0181,0.0448,-0.0032,0.0006
34.6024,0.9500,4.4300,0.9085,4.5058,0.0415,-0.0758,0.0438,-0.0077,0.0290,-0.0530,0.0181,0.0447,-0.0033,0.0007
34.6526,0.9500,4.4300,0.9125,4.5036,0.0375,-0.0736,0.0365,-0.0025,0.0263,-0.0515,0.0182,0.0446,-0.0079,0.0043
34.7028,0.9500,4.4300,0.9142,4.5031,0.0358,-0.0731,0.0398,-0.0055,0.0250,-0.0511,0.0182,0.0446,-0.0035,0.0011
34.7531,0.9500,4.4300,0.9154,4.5029,0.0346,-0.0729,0.0401,-0.0062,0.0242,-0.0510,0.0182,0.0445,-0.0024,0.0003
34.8034,0.9500,4.4300,0.9178,4.5037,0.0322,-0.0737,0.0360,-0.0088,0.0225,-0.0516,0.0183,0.0444,-0.0047,-0.0016
34.8536,0.9500,4.4300,0.9204,4.5055,0.0296,-0.0755,0.0338,-0.0122,0.0207,-0.0529,0.0183,0.0443,-0.0052,-0.0036
34.9039,0.9500,4.4300,0.9227,4.5063,0.0273,-0.0763,0.0329,-0.0106,0.0191,-0.0534,0.0183,0.0443,-0.0045,-0.0014
34.9542,0.9500,4.4300,0.9238,4.5060,0.0262,-0.0760,0.0345,-0.0085,0.0184,-0.0532,0.0183,0.0442,-0.0022,0.0005
35.0045,0.9500,4.4300,0.9252,4.5057,0.0248,-0.0757,0.0330,-0.0082,0.0174,-0.0530,0.0184,0.0441,-0.0027,0.0006
35.0547,0.9500,4.4300,0.9284,4.5039,0.0216,-0.0739,0.0272,-0.0041,0.0152,-0.0517,0.0184,0.0440,-0.0064,0.0036
35.1050,0.9500,4.4300,0.9295,4.5036,0.0205,-0.0736,0.0305,-0.0069,0.0143,-0.0515,0.0184,0.0440,-0.0023,0.0006
35.1554,0.9500,4.4300,0.9309,4.5033,0.0191,-0.0733,0.0291,-0.0069,0.0134,-0.0513,0.0184,0.0439,-0.0027,0.0005
35.2057,0.9500,4.4300,0.9319,4.5031,0.0181,-0.0731,0.0290,-0.0070,0.0126,-0.0512,0.0184,0.0438,-0.0021,0.0004
35.2559,0.9500,4.4300,0.9329,4.5029,0.0171,-0.0729,0.0284,-0.0069,0.0119,-0.0510,0.0185,0.0437,-0.0020,0.0004
35.3062,0.9500,4.4300,0.9339,4.5029,0.0161,-0.0729,0.0278,-0.0073,0.0113,-0.0510,0.0185,0.0437,-0.0019,0.0000
35.3564,0.9500,4.4300,0.9352,4.5025,0.0148,-0.0725,0.0264,-0.0065,0.0104,-0.0508,0.0185,0.0436,-0.0025,0.0006
35.4067,0.9500,4.4300,0.9361,4.5024,0.0139,-0.0724,0.0265,-0.0068,0.0098,-0.0507,0.0185,0.0435,-0.0017,0.0003
35.4570,0.9500,4.4300,0.9374,4.5020,0.0126,-0.0720,0.0248,-0.0063,0.0088,-0.0504,0.0185,0.0434,-0.0026,0.0007
35.5073,0.9500,4.4300,0.9378,4.5020,0.0122,-0.0720,0.0262,-0.0069,0.0085,-0.0504,0.0185,0.0434,-0.0008,0.0001
35.5576,0.9500,4.4300,0.9392,4.5016,0.0108,-0.0716,0.0233,-0.0061,0.0076,-0.0501,0.0185,0.0433,-0.0028,0.0007
35.6078,0.9500,4.4300,0.9399,4.5013,0.0101,-0.0713,0.0241,-0.0062,0.0070,-0.0499,0.0186,0.0432,-0.0015,0.0005
35.6581,0.9500,4.4300,0.9412,4.5010,0.0088,-0.0710,0.0223,-0.0058,0.0062,-0.0497,0.0186,0.0432,-0.0025,0.0008
35.7083,0.9500,4.4300,0.9418,4.5008,0.0082,-0.0708,0.0230,-0.0061,0.0057,-0.0495,0.0186,0.0431,-0.0013,0.0004
35.7586,0.9500,4.4300,0.9430,4.5004,0.0070,-0.0704,0.0211,-0.0056,0.0049,-0.0493,0.0186,0.0430,-0.0024,0.0007
35.8088,0.9500,4.4300,0.9437,4.5003,0.0063,-0.0703,0.0217,-0.0059,0.0044,-0.0492,0.0186,0.0429,-0.0013,0.0004
35.8591,0.9500,4.4300,0.9448,4.5000,0.0052,-0.0700,0.0201,-0.0055,0.0036,-0.0490,0.0186,0.0429,-0.0022,0.0006
35.9094,0.9500,4.4300,0.9455,4.4997,0.0045,-0.0697,0.0204,-0.0056,0.0032,-0.0488,0.0186,0.0428,-0.0013,0.0004
35.9597,0.9500,4.4300,0.9468,4.4990,0.0032,-0.0690,0.0181,-0.0042,0.0022,-0.0483,0.0186,0.0427,-0.0027,0.0014
36.0100,0.9500,4.4300,0.9474,4.4986,0.0026,-0.0686,0.0192,-0.0044,0.0018,-0.0480,0.0186,0.0427,-0.0012,0.0009
36.0602,0.9500,4.4300,0.9479,4.4982,0.0021,-0.0682,0.0191,-0.0043,0.0015,-0.0477,0.0186,0.0426,-0.0009,0.0008
36.1104,0.9500,4.4300,0.9486,4.4976,0.0014,-0.0676,0.0181,-0.0035,0.0010,-0.0473,0.0186,0.0425,-0.0014,0.0012
36.1610,0.9500,4.4300,0.9491,4.4972,0.0009,-0.0672,0.0183,-0.0038,0.0006,-0.0470,0.0186,0.0425,-0.0009,0.0008
36.2112,0.9500,4.4300,0.9497,4.4966,0.0003,-0.0666,0.0175,-0.0032,0.0002,-0.0466,0.0186,0.0424,-0.0013,0.0011
36.2615,0.9500,4.4300,0.9503,4.4961,-0.0003,-0.0661,0.0172,-0.0030,-0.0002,-0.0463,0.0186,0.0423,-0.0012,0.0009
36.3118,0.9500,4.4300,0.9549,4.4948,-0.0049,-0.0648,0.0061,-0.0004,-0.0034,-0.0453,0.0186,0.0423,-0.0091,0.0027
36.3620,0.9500,4.4300,0.9555,4.4945,-0.0055,-0.0645,0.0134,-0.0025,-0.0039,-0.0452,0.0186,0.0422,-0.0013,0.0005
36.4123,0.9500,4.4300,0.9557,4.4944,-0.0057,-0.0644,0.0142,-0.0027,-0.0040,-0.0451,0.0186,0.0421,-0.0004,0.0003
36.4625,0.9500,4.4300,0.9558,4.4945,-0.0058,-0.0645,0.0144,-0.0031,-0.0041,-0.0451,0.0186,0.0421,-0.0001,-0.0001
36.5128,0.9500,4.4300,0.9558,4.4945,-0.0058,-0.0645,0.0145,-0.0032,-0.0041,-0.0452,0.0186,0.0420,-0.0000,-0.0001
36.5631,0.9500,4.4300,0.9558,4.4945,-0.0058,-0.0645,0.0145,-0.0033,-0.0041,-0.0452,0.0186,0.0419,-0.0000,-0.0001
36.6133,0.9500,4.4300,0.9559,4.4946,-0.0059,-0.0646,0.0143,-0.0035,-0.0041,-0.0452,0.0186,0.0419,-0.0001,-0.0002
36.6636,0.9500,4.4300,0.9560,4.4947,-0.0060,-0.0647,0.0143,-0.0036,-0.0042,-0.0453,0.0186,0.0418,-0.0001,-0.0001
36.7139,0.9500,4.4300,0.9560,4.4947,-0.0060,-0.0647,0.0143,-0.0036,-0.0042,-0.0453,0.0186,0.0417,-0.0001,-0.0000
36.7641,0.9500,4.4300,0.9561,4.4947,-0.0061,-0.0647,0.0140,-0.0037,-0.0043,-0.0453,0.0185,0.0417,-0.0002,-0.0001
36.8144,0.9500,4.4300,0.9563,4.4947,-0.0063,-0.0647,0.0139,-0.0036,-0.0044,-0.0453,0.0185,0.0416,-0.0003,0.0001
36.8646,0.9500,4.4300,0.9565,4.4947,-0.0065,-0.0647,0.0136,-0.0037,-0.0045,-0.0453,0.0185,0.0416,-0.0004,0.0000
36.9149,0.9500,4.4300,0.9568,4.4946,-0.0068,-0.0646,0.0132,-0.0037,-0.0047,-0.0452,0.0185,0.0415,-0.0006,0.0001
36.9651,0.9500,4.4300,0.9571,4.4946,-0.0071,-0.0646,0.0130,-0.0037,-0.0049,-0.0452,0.0185,0.0414,-0.0006,0.0001
37.0154,0.9500,4.4300,0.9573,4.4946,-0.0073,-0.0646,0.0128,-0.0040,-0.0051,-0.0452,0.0185,0.0414,-0.0005,-0.0001
37.0657,0.9500,4.4300,0.9576,4.4946,-0.0076,-0.0646,0.0127,-0.0040,-0.0053,-0.0452,0.0185,0.0413,-0.0005,-0.0000
37.1159,0.9500,4.4300,0.9578,4.4946,-0.0078,-0.0646,0.0126,-0.0038,-0.0055,-0.0452,0.0185,0.0412,-0.0004,0.0001
37.1665,0.9500,4.4300,0.9582,4.4945,-0.0082,-0.0645,0.0120,-0.0038,-0.0057,-0.0451,0.0185,0.0412,-0.0008,0.0002
37.2168,0.9500,4.4300,0.9584,4.4945,-0.0084,-0.0645,0.0122,-0.0040,-0.0059,-0.0451,0.0185,0.0411,-0.0004,-0.0000
37.2670,0.9500,4.4300,0.9588,4.4944,-0.0088,-0.0644,0.0115,-0.0039,-0.0062,-0.0451,0.0185,0.0410,-0.0008,0.0002
37.3173,0.9500,4.4300,0.9592,4.4943,-0.0092,-0.0643,0.0114,-0.0038,-0.0064,-0.0450,0.0185,0.0410,-0.0007,0.0002
37.3677,0.9500,4.4300,0.9595,4.4941,-0.0095,-0.0641,0.0111,-0.0037,-0.0066,-0.0449,0.0185,0.0409,-0.0007,0.0003
37.4179,0.9500,4.4300,0.9598,4.4940,-0.0098,-0.0640,0.0111,-0.0037,-0.0068,-0.0448,0.0184,0.0408,-0.0005,0.0002
37.4682,0.9500,4.4300,0.9602,4.4938,-0.0102,-0.0638,0.0105,-0.0036,-0.0071,-0.0447,0.0184,0.0408,-0.0008,0.0003
37.5185,0.9500,4.4300,0.9605,4.4937,-0.0105,-0.0637,0.0104,-0.0036,-0.0074,-0.0446,0.0184,0.0407,-0.0007,0.0003
37.5687,0.9500,4.4300,0.9607,4.4937,-0.0107,-0.0637,0.0107,-0.0039,-0.0075,-0.0446,0.0184,0.0406,-0.0003,-0.0000
37.6190,0.9500,4.4300,0.9611,4.4936,-0.0111,-0.0636,0.0097,-0.0037,-0.0078,-0.0445,0.0184,0.0406,-0.0009,0.0003
37.6693,0.9500,4.4300,0.9614,4.4935,-0.0114,-0.0635,0.0098,-0.0039,-0.0080,-0.0445,0.0184,0.0405,-0.0006,0.0001
37.7196,0.9500,4.4300,0.9634,4.4920,-0.0134,-0.0620,0.0050,0.0001,-0.0094,-0.0434,0.0184,0.0405,-0.0040,0.0031
37.7698,0.9500,4.4300,0.9649,4.4909,-0.0149,-0.0609,0.0050,-0.0000,-0.0104,-0.0426,0.0184,0.0404,-0.0030,0.0022
37.8201,0.9500,4.4300,0.9653,4.4907,-0.0153,-0.0607,0.0068,-0.0018,-0.0107,-0.0425,0.0183,0.0403,-0.0008,0.0004
37.8704,0.9500,4.4300,0.9654,4.4907,-0.0154,-0.0607,0.0075,-0.0024,-0.0108,-0.0425,0.0183,0.0403,-0.0001,-0.0001
37.9207,0.9500,4.4300,0.9656,4.4908,-0.0156,-0.0608,0.0070,-0.0023,-0.0109,-0.0425,0.0183,0.0402,-0.0004,-0.0000
37.9708,0.9500,4.4300,0.9658,4.4907,-0.0158,-0.0607,0.0068,-0.0021,-0.0111,-0.0425,0.0183,0.0401,-0.0005,0.0002
38.0211,0.9500,4.4300,0.9659,4.4907,-0.0159,-0.0607,0.0068,-0.0024,-0.0112,-0.0425,0.0183,0.0401,-0.0003,-0.0000
38.0714,0.9500,4.4300,0.9664,4.4910,-0.0164,-0.0610,0.0058,-0.0033,-0.0115,-0.0427,0.0183,0.0400,-0.0010,-0.0007
38.1216,0.9500,4.4300,0.9667,4.4911,-0.0167,-0.0611,0.0061,-0.0030,-0.0117,-0.0428,0.0182,0.0400,-0.0005,-0.0002
38.1719,0.9500,4.4300,0.9668,4.4911,-0.0168,-0.0611,0.0063,-0.0027,-0.0117,-0.0427,0.0182,0.0399,-0.0002,0.0001
38.2221,0.9500,4.4300,0.9670,4.4909,-0.0170,-0.0609,0.0060,-0.0025,-0.0119,-0.0426,0.0182,0.0398,-0.0004,0.0003
38.2723,0.9500,4.4300,0.9671,4.4909,-0.0171,-0.0609,0.0060,-0.0028,-0.0120,-0.0426,0.0182,0.0398,-0.0002,0.0001
38.3226,0.9500,4.4300,0.9674,4.4907,-0.0174,-0.0607,0.0055,-0.0025,-0.0121,-0.0425,0.0182,0.0397,-0.0006,0.0003
38.3728,0.9500,4.4300,0.9675,4.4906,-0.0175,-0.0606,0.0055,-0.0025,-0.0123,-0.0424,0.0182,0.0397,-0.0004,0.0003
38.4231,0.9500,4.4300,0.9678,4.4905,-0.0178,-0.0605,0.0052,-0.0025,-0.0124,-0.0423,0.0181,0.0396,-0.0005,0.0003
38.4734,0.9500,4.4300,0.9679,4.4905,-0.0179,-0.0605,0.0054,-0.0027,-0.0125,-0.0423,0.0181,0.0395,-0.0002,0.0000
38.5236,0.9500,4.4300,0.9681,4.4904,-0.0181,-0.0604,0.0051,-0.0026,-0.0127,-0.0423,0.0181,0.0395,-0.0004,0.0002
38.5739,0.9500,4.4300,0.9683,4.4903,-0.0183,-0.0603,0.0049,-0.0026,-0.0128,-0.0422,0.0181,0.0394,-0.0004,0.0002
38.6240,0.9500,4.4300,0.9684,4.4902,-0.0184,-0.0602,0.0050,-0.0026,-0.0129,-0.0421,0.0181,0.0394,-0.0002,0.0002
38.6744,0.9500,4.4300,0.9685,4.4901,-0.0185,-0.0601,0.0048,-0.0027,-0.0130,-0.0421,0.0181,0.0393,-0.0003,0.0001
38.7247,0.9500,4.4300,0.9688,4.4900,-0.0188,-0.0600,0.0044,-0.0026,-0.0132,-0.0420,0.0180,0.0392,-0.0005,0.0002
38.7749,0.9500,4.4300,0.9690,4.4900,-0.0190,-0.0600,0.0043,-0.0028,-0.0133,-0.0420,0.0180,0.0392,-0.0004,0.0001
38.8251,0.9500,4.4300,0.9692,4.4898,-0.0192,-0.0598,0.0041,-0.0024,-0.0134,-0.0419,0.0180,0.0391,-0.0004,0.0003
38.8754,0.9500,4.4300,0.9693,4.4897,-0.0193,-0.0597,0.0042,-0.0025,-0.0135,-0.0418,0.0180,0.0391,-0.0002,0.0002
38.9257,0.9500,4.4300,0.9695,4.4896,-0.0195,-0.0596,0.0039,-0.0024,-0.0137,-0.0417,0.0180,0.0390,-0.0004,0.0003
38.9760,0.9500,4.4300,0.9697,4.4894,-0.0197,-0.0594,0.0037,-0.0023,-0.0138,-0.0416,0.0179,0.0389,-0.0004,0.0004
39.0262,0.9500,4.4300,0.9698,4.4893,-0.0198,-0.0593,0.0039,-0.0025,-0.0139,-0.0415,0.0179,0.0389,-0.0002,0.0001
39.0766,0.9500,4.4300,0.9700,4.4892,-0.0200,-0.0592,0.0036,-0.0024,-0.0140,-0.0414,0.0179,0.0388,-0.0003,0.0003
39.1268,0.9500,4.4300,0.9700,4.4892,-0.0200,-0.0592,0.0037,-0.0025,-0.0140,-0.0414,0.0179,0.0388,-0.0001,0.0001
39.1779,0.9500,4.4300,0.9702,4.4890,-0.0202,-0.0590,0.0033,-0.0024,-0.0142,-0.0413,0.0179,0.0387,-0.0004,0.0003
39.2281,0.9500,4.4300,0.9703,4.4890,-0.0203,-0.0590,0.0035,-0.0025,-0.0142,-0.0413,0.0178,0.0386,-0.0001,0.0001
39.2784,0.9500,4.4300,0.9704,4.4889,-0.0204,-0.0589,0.0033,-0.0024,-0.0143,-0.0412,0.0178,0.0386,-0.0003,0.0002
39.3286,0.9500,4.4300,0.9705,4.4888,-0.0205,-0.0588,0.0033,-0.0025,-0.0144,-0.0412,0.0178,0.0385,-0.0002,0.0001
39.3789,0.9500,4.4300,0.9707,4.4887,-0.0207,-0.0587,0.0030,-0.0024,-0.0145,-0.0411,0.0178,0.0385,-0.0003,0.0003
39.4291,0.9500,4.4300,0.9708,4.4886,-0.0208,-0.0586,0.0029,-0.0024,-0.0146,-0.0410,0.0178,0.0384,-0.0003,0.0002
39.4794,0.9500,4.4300,0.9709,4.4884,-0.0209,-0.0584,0.0028,-0.0023,-0.0147,-0.0409,0.0177,0.0383,-0.0003,0.0003
39.5297,0.9500,4.4300,0.9711,4.4883,-0.0211,-0.0583,0.0027,-0.0023,-0.0148,-0.0408,0.0177,0.0383,-0.0003,0.0002
39.5800,0.9500,4.4300,0.9712,4.4882,-0.0212,-0.0582,0.0027,-0.0024,-0.0148,-0.0408,0.0177,0.0382,-0.0002,0.0002
39.6302,0.9500,4.4300,0.9713,4.4881,-0.0213,-0.0581,0.0025,-0.0023,-0.0149,-0.0407,0.0177,0.0382,-0.0003,0.0002
39.6805,0.9500,4.4300,0.9714,4.4880,-0.0214,-0.0580,0.0025,-0.0023,-0.0150,-0.0406,0.0176,0.0381,-0.0002,0.0002
39.7308,0.9500,4.4300,0.9715,4.4880,-0.0215,-0.0580,0.0025,-0.0024,-0.0150,-0.0406,0.0176,0.0381,-0.0001,0.0001
39.7811,0.9500,4.4300,0.9715,4.4879,-0.0215,-0.0579,0.0024,-0.0024,-0.0151,-0.0405,0.0176,0.0380,-0.0001,0.0001
39.8314,0.9500,4.4300,0.9716,4.4878,-0.0216,-0.0578,0.0022,-0.0024,-0.0151,-0.0405,0.0176,0.0379,-0.0002,0.0002
39.8817,0.9500,4.4300,0.9718,4.4877,-0.0218,-0.0577,0.0020,-0.0023,-0.0152,-0.0404,0.0176,0.0379,-0.0003,0.0002
39.9318,0.9500,4.4300,0.9730,4.4866,-0.0230,-0.0566,-0.0011,0.0003,-0.0161,-0.0397,0.0175,0.0378,-0.0025,0.0021
39.9820,0.9500,4.4300,0.9738,4.4860,-0.0238,-0.0560,-0.0007,-0.0001,-0.0167,-0.0392,0.0175,0.0378,-0.0016,0.0013
40.0323,0.9500,4.4300,0.9738,4.4860,-0.0238,-0.0560,0.0007,-0.0014,-0.0167,-0.0392,0.0175,0.0377,-0.0001,0.0001
40.0825,0.9500,4.4300,0.9739,4.4859,-0.0239,-0.0559,0.0007,-0.0015,-0.0167,-0.0392,0.0175,0.0377,-0.0000,0.0000
40.1327,0.9500,4.4300,0.9739,4.4859,-0.0239,-0.0559,0.0007,-0.0016,-0.0167,-0.0392,0.0174,0.0376,-0.0000,0.0000
40.1831,0.9500,4.4300,0.9739,4.4859,-0.0239,-0.0559,0.0007,-0.0016,-0.0167,-0.0392,0.0174,0.0375,-0.0000,0.0000
40.2334,0.9500,4.4300,0.9739,4.4859,-0.0239,-0.0559,0.0006,-0.0016,-0.0167,-0.0391,0.0174,0.0375,-0.0001,0.0001
40.2837,0.9500,4.4300,0.9739,4.4859,-0.0239,-0.0559,0.0005,-0.0016,-0.0168,-0.0391,0.0174,0.0374,-0.0001,0.0001
40.3339,0.9500,4.4300,0.9740,4.4858,-0.0240,-0.0558,0.0004,-0.0016,-0.0168,-0.0391,0.0173,0.0374,-0.0001,0.0001
40.3842,0.9500,4.4300,0.9740,4.4858,-0.0240,-0.0558,0.0004,-0.0017,-0.0168,-0.0390,0.0173,0.0373,-0.0001,0.0001
40.4344,0.9500,4.4300,0.9741,4.4857,-0.0241,-0.0557,0.0003,-0.0016,-0.0169,-0.0390,0.0173,0.0373,-0.0002,0.0001
40.4847,0.9500,4.4300,0.9741,4.4857,-0.0241,-0.0557,0.0004,-0.0018,-0.0169,-0.0390,0.0173,0.0372,-0.0000,0.0000
40.5349,0.9500,4.4300,0.9741,4.4857,-0.0241,-0.0557,0.0004,-0.0018,-0.0169,-0.0390,0.0172,0.0371,-0.0000,-0.0000
40.5852,0.9500,4.4300,0.9741,4.4857,-0.0241,-0.0557,0.0003,-0.0019,-0.0169,-0.0390,0.0172,0.0371,-0.0000,0.0000
40.6354,0.9500,4.4300,0.9741,4.4857,-0.0241,-0.0557,0.0003,-0.0020,-0.0169,-0.0390,0.0172,0.0370,-0.0000,-0.0000
40.6858,0.9500,4.4300,0.9741,4.4857,-0.0241,-0.0557,0.0003,-0.0020,-0.0169,-0.0390,0.0172,0.0370,-0.0000,0.0000
40.7361,0.9500,4.4300,0.9742,4.4857,-0.0242,-0.0557,0.0002,-0.0020,-0.0169,-0.0390,0.0172,0.0369,-0.0000,0.0000
40.7863,0.9500,4.4300,0.9742,4.4857,-0.0242,-0.0557,0.0002,-0.0021,-0.0169,-0.0390,0.0171,0.0369,-0.0000,0.0000
40.8367,0.9500,4.4300,0.9742,4.4857,-0.0242,-0.0557,0.0002,-0.0022,-0.0169,-0.0390,0.0171,0.0368,0.0000,-0.0000
40.8870,0.9500,4.4300,0.9742,4.4857,-0.0242,-0.0557,0.0002,-0.0022,-0.0169,-0.0390,0.0171,0.0368,0.0000,-0.0000
40.9372,0.9500,4.4300,0.9742,4.4857,-0.0242,-0.0557,0.0001,-0.0022,-0.0169,-0.0390,0.0171,0.0367,-0.0000,0.0000
40.9875,0.9500,4.4300,0.9742,4.4856,-0.0242,-0.0556,0.0001,-0.0023,-0.0169,-0.0390,0.0170,0.0366,-0.0000,0.0000
41.0380,0.9500,4.4300,0.9742,4.4856,-0.0242,-0.0556,0.0000,-0.0023,-0.0169,-0.0389,0.0170,0.0366,-0.0000,0.0000
41.0882,0.9500,4.4300,0.9742,4.4856,-0.0242,-0.0556,0.0000,-0.0024,-0.0170,-0.0389,0.0170,0.0365,-0.0000,0.0000
41.1385,0.9500,4.4300,0.9742,4.4856,-0.0242,-0.0556,-0.0000,-0.0024,-0.0170,-0.0389,0.0170,0.0365,-0.0000,0.0000
41.1892,0.9500,4.4300,0.9743,4.4856,-0.0243,-0.0556,-0.0002,-0.0024,-0.0170,-0.0389,0.0169,0.0364,-0.0001,0.0001
41.2395,0.9500,4.4300,0.9743,4.4855,-0.0243,-0.0555,-0.0002,-0.0025,-0.0170,-0.0389,0.0169,0.0364,-0.0001,0.0000
41.2897,0.9500,4.4300,0.9744,4.4855,-0.0244,-0.0555,-0.0003,-0.0025,-0.0171,-0.0389,0.0169,0.0363,-0.0001,0.0001
41.3400,0.9500,4.4300,0.9744,4.4855,-0.0244,-0.0555,-0.0003,-0.0025,-0.0171,-0.0388,0.0169,0.0362,-0.0001,0.0001
41.3903,0.9500,4.4300,0.9745,4.4854,-0.0245,-0.0554,-0.0004,-0.0025,-0.0171,-0.0388,0.0168,0.0362,-0.0001,0.0001
41.4406,0.9500,4.4300,0.9746,4.4853,-0.0246,-0.0553,-0.0006,-0.0024,-0.0172,-0.0387,0.0168,0.0361,-0.0002,0.0002
41.4908,0.9500,4.4300,0.9746,4.4853,-0.0246,-0.0553,-0.0005,-0.0026,-0.0172,-0.0387,0.0168,0.0361,-0.0001,0.0001
41.5410,0.9500,4.4300,0.9747,4.4853,-0.0247,-0.0553,-0.0006,-0.0026,-0.0173,-0.0387,0.0168,0.0360,-0.0001,0.0001
41.5912,0.9500,4.4300,0.9747,4.4852,-0.0247,-0.0552,-0.0006,-0.0027,-0.0173,-0.0387,0.0167,0.0360,-0.0000,0.0000
41.6415,0.9500,4.4300,0.9747,4.4852,-0.0247,-0.0552,-0.0006,-0.0027,-0.0173,-0.0387,0.0167,0.0359,-0.0001,0.0001
41.6918,0.9500,4.4300,0.9747,4.4852,-0.0247,-0.0552,-0.0007,-0.0027,-0.0173,-0.0386,0.0167,0.0359,-0.0001,0.0000
41.7422,0.9500,4.4300,0.9747,4.4852,-0.0247,-0.0552,-0.0007,-0.0028,-0.0173,-0.0386,0.0167,0.0358,-0.0000,0.0000
41.7925,0.9500,4.4300,0.9748,4.4852,-0.0248,-0.0552,-0.0007,-0.0028,-0.0173,-0.0386,0.0166,0.0357,-0.0000,0.0000
41.8428,0.9500,4.4300,0.9748,4.4851,-0.0248,-0.0551,-0.0008,-0.0028,-0.0174,-0.0386,0.0166,0.0357,-0.0001,0.0001
41.8930,0.9500,4.4300,0.9749,4.4851,-0.0249,-0.0551,-0.0010,-0.0028,-0.0174,-0.0385,0.0166,0.0356,-0.0001,0.0001
41.9433,0.9500,4.4300,0.9749,4.4850,-0.0249,-0.0550,-0.0010,-0.0029,-0.0174,-0.0385,0.0166,0.0356,-0.0001,0.0001
41.9935,0.9500,4.4300,0.9749,4.4850,-0.0249,-0.0550,-0.0009,-0.0030,-0.0174,-0.0385,0.0165,0.0355,-0.0000,0.0000
42.0438,0.9500,4.4300,0.9749,4.4850,-0.0249,-0.0550,-0.0010,-0.0030,-0.0175,-0.0385,0.0165,0.0355,-0.0000,0.0000
42.0940,0.9500,4.4300,0.9750,4.4850,-0.0250,-0.0550,-0.0011,-0.0030,-0.0175,-0.0385,0.0165,0.0354,-0.0001,0.0001
42.1443,0.9500,4.4300,0.9750,4.4849,-0.0250,-0.0549,-0.0011,-0.0030,-0.0175,-0.0385,0.0165,0.0354,-0.0001,0.0001
42.1947,0.9500,4.4300,0.9750,4.4849,-0.0250,-0.0549,-0.0011,-0.0032,-0.0175,-0.0385,0.0164,0.0353,0.0000,0.0000
42.2450,0.9500,4.4300,0.9750,4.4849,-0.0250,-0.0549,-0.0012,-0.0032,-0.0175,-0.0384,0.0164,0.0353,-0.0000,0.0000
42.2952,0.9500,4.4300,0.9750,4.4849,-0.0250,-0.0549,-0.0012,-0.0032,-0.0175,-0.0384,0.0164,0.0352,-0.0000,0.0000
42.3455,0.9500,4.4300,0.9750,4.4849,-0.0250,-0.0549,-0.0012,-0.0033,-0.0175,-0.0384,0.0164,0.0351,-0.0000,0.0000
42.3957,0.9500,4.4300,0.9751,4.4849,-0.0251,-0.0549,-0.0013,-0.0033,-0.0176,-0.0384,0.0163,0.0351,-0.0001,0.0001
42.4460,0.9500,4.4300,0.9751,4.4849,-0.0251,-0.0549,-0.0013,-0.0033,-0.0176,-0.0384,0.0163,0.0350,-0.0000,0.0000
42.4963,0.9500,4.4300,0.9751,4.4848,-0.0251,-0.0548,-0.0014,-0.0034,-0.0176,-0.0384,0.0163,0.0350,-0.0000,0.0000
42.5465,0.9500,4.4300,0.9751,4.4848,-0.0251,-0.0548,-0.0013,-0.0035,-0.0176,-0.0384,0.0163,0.0349,-0.0000,0.0000
42.5968,0.9500,4.4300,0.9752,4.4848,-0.0252,-0.0548,-0.0014,-0.0035,-0.0176,-0.0384,0.0162,0.0349,-0.0001,0.0001
42.6470,0.9500,4.4300,0.9752,4.4848,-0.0252,-0.0548,-0.0014,-0.0035,-0.0176,-0.0384,0.0162,0.0348,-0.0000,0.0000
42.6973,0.9500,4.4300,0.9752,4.4848,-0.0252,-0.0548,-0.0016,-0.0035,-0.0177,-0.0383,0.0162,0.0348,-0.0001,0.0001
42.7476,0.9500,4.4300,0.9752,4.4847,-0.0252,-0.0547,-0.0016,-0.0036,-0.0177,-0.0383,0.0162,0.0347,-0.0000,0.0000
42.7979,0.9500,4.4300,0.9753,4.4847,-0.0253,-0.0547,-0.0017,-0.0036,-0.0177,-0.0383,0.0161,0.0346,-0.0001,0.0001
42.8483,0.9500,4.4300,0.9753,4.4847,-0.0253,-0.0547,-0.0017,-0.0036,-0.0177,-0.0383,0.0161,0.0346,-0.0001,0.0001
42.8986,0.9500,4.4300,0.9754,4.4846,-0.0254,-0.0546,-0.0018,-0.0036,-0.0178,-0.0382,0.0161,0.0345,-0.0001,0.0001
42.9489,0.9500,4.4300,0.9755,4.4846,-0.0255,-0.0546,-0.0020,-0.0036,-0.0178,-0.0382,0.0161,0.0345,-0.0002,0.0002
42.9992,0.9500,4.4300,0.9756,4.4844,-0.0256,-0.0544,-0.0022,-0.0034,-0.0179,-0.0381,0.0160,0.0344,-0.0003,0.0003
43.0494,0.9500,4.4300,0.9758,4.4843,-0.0258,-0.0543,-0.0023,-0.0034,-0.0180,-0.0380,0.0160,0.0344,-0.0002,0.0002
43.0996,0.9500,4.4300,0.9758,4.4843,-0.0258,-0.0543,-0.0020,-0.0037,-0.0180,-0.0380,0.0160,0.0343,-0.0000,-0.0000
43.1499,0.9500,4.4300,0.9758,4.4843,-0.0258,-0.0543,-0.0021,-0.0038,-0.0180,-0.0380,0.0160,0.0343,-0.0000,-0.0000
43.2004,0.9500,4.4300,0.9758,4.4843,-0.0258,-0.0543,-0.0021,-0.0038,-0.0180,-0.0380,0.0159,0.0342,-0.0000,-0.0000
43.2507,0.9500,4.4300,0.9758,4.4843,-0.0258,-0.0543,-0.0022,-0.0038,-0.0180,-0.0380,0.0159,0.0342,-0.0001,0.0001
43.3009,0.9500,4.4300,0.9758,4.4843,-0.0258,-0.0543,-0.0022,-0.0038,-0.0181,-0.0380,0.0159,0.0341,-0.0001,0.0001
43.3513,0.9500,4.4300,0.9758,4.4843,-0.0258,-0.0543,-0.0022,-0.0039,-0.0181,-0.0380,0.0158,0.0340,-0.0000,-0.0000
43.4015,0.9500,4.4300,0.9758,4.4843,-0.0258,-0.0543,-0.0022,-0.0040,-0.0181,-0.0380,0.0158,0.0340,-0.0000,-0.0000
43.4518,0.9500,4.4300,0.9758,4.4842,-0.0258,-0.0542,-0.0024,-0.0040,-0.0181,-0.0380,0.0158,0.0339,-0.0001,0.0001
43.5020,0.9500,4.4300,0.9759,4.4842,-0.0259,-0.0542,-0.0024,-0.0040,-0.0181,-0.0379,0.0158,0.0339,-0.0001,0.0001
43.5522,0.9500,4.4300,0.9759,4.4842,-0.0259,-0.0542,-0.0024,-0.0041,-0.0181,-0.0379,0.0157,0.0338,-0.0000,0.0000
43.6025,0.9500,4.4300,0.9759,4.4842,-0.0259,-0.0542,-0.0024,-0.0042,-0.0181,-0.0379,0.0157,0.0338,-0.0000,-0.0000
43.6526,0.9500,4.4300,0.9759,4.4842,-0.0259,-0.0542,-0.0024,-0.0042,-0.0181,-0.0379,0.0157,0.0337,-0.0000,-0.0000
43.7029,0.9500,4.4300,0.9759,4.4842,-0.0259,-0.0542,-0.0025,-0.0042,-0.0181,-0.0379,0.0157,0.0337,-0.0000,0.0000
43.7532,0.9500,4.4300,0.9759,4.4842,-0.0259,-0.0542,-0.0026,-0.0043,-0.0182,-0.0379,0.0156,0.0336,-0.0000,0.0000
43.8034,0.9500,4.4300,0.9759,4.4841,-0.0259,-0.0541,-0.0026,-0.0043,-0.0182,-0.0379,0.0156,0.0336,-0.0000,0.0000
43.8537,0.9500,4.4300,0.9760,4.4841,-0.0260,-0.0541,-0.0026,-0.0043,-0.0182,-0.0379,0.0156,0.0335,-0.0000,0.0000
43.9039,0.9500,4.4300,0.9760,4.4841,-0.0260,-0.0541,-0.0026,-0.0044,-0.0182,-0.0379,0.0156,0.0334,-0.0000,0.0000
43.9541,0.9500,4.4300,0.9760,4.4841,-0.0260,-0.0541,-0.0028,-0.0044,-0.0182,-0.0378,0.0155,0.0334,-0.0001,0.0001
44.0044,0.9500,4.4300,0.9761,4.4840,-0.0261,-0.0540,-0.0028,-0.0044,-0.0182,-0.0378,0.0155,0.0333,-0.0001,0.0000
44.0547,0.9500,4.4300,0.9761,4.4840,-0.0261,-0.0540,-0.0028,-0.0045,-0.0183,-0.0378,0.0155,0.0333,-0.0000,0.0000
44.1050,0.9500,4.4300,0.9761,4.4840,-0.0261,-0.0540,-0.0028,-0.0046,-0.0183,-0.0378,0.0155,0.0332,-0.0000,-0.0000
44.1553,0.9500,4.4300,0.9761,4.4840,-0.0261,-0.0540,-0.0028,-0.0046,-0.0183,-0.0378,0.0154,0.0332,-0.0000,0.0000
44.2057,0.9500,4.4300,0.9761,4.4840,-0.0261,-0.0540,-0.0030,-0.0046,-0.0183,-0.0378,0.0154,0.0331,-0.0001,0.0001
44.2560,0.9500,4.4300,0.9761,4.4840,-0.0261,-0.0540,-0.0029,-0.0047,-0.0183,-0.0378,0.0154,0.0331,-0.0000,0.0000
44.3063,0.9500,4.4300,0.9761,4.4840,-0.0261,-0.0540,-0.0030,-0.0048,-0.0183,-0.0378,0.0154,0.0330,-0.0000,0.0000
44.3566,0.9500,4.4300,0.9762,4.4840,-0.0262,-0.0540,-0.0030,-0.0048,-0.0183,-0.0378,0.0153,0.0330,-0.0000,0.0000
44.4068,0.9500,4.4300,0.9762,4.4840,-0.0262,-0.0540,-0.0030,-0.0049,-0.0183,-0.0378,0.0153,0.0329,-0.0000,0.0000
44.4571,0.9500,4.4300,0.9762,4.4839,-0.0262,-0.0539,-0.0033,-0.0047,-0.0184,-0.0377,0.0153,0.0328,-0.0002,0.0001
44.5074,0.9500,4.4300,0.9763,4.4838,-0.0263,-0.0538,-0.0032,-0.0048,-0.0184,-0.0377,0.0152,0.0328,-0.0001,0.0001
44.5576,0.9500,4.4300,0.9763,4.4839,-0.0263,-0.0539,-0.0032,-0.0050,-0.0184,-0.0377,0.0152,0.0327,0.0000,-0.0000
44.6078,0.9500,4.4300,0.9763,4.4839,-0.0263,-0.0539,-0.0032,-0.0050,-0.0184,-0.0377,0.0152,0.0327,-0.0000,0.0000
44.6581,0.9500,4.4300,0.9763,4.4839,-0.0263,-0.0539,-0.0032,-0.0051,-0.0184,-0.0377,0.0152,0.0326,0.0000,-0.0000
44.7084,0.9500,4.4300,0.9763,4.4839,-0.0263,-0.0539,-0.0032,-0.0051,-0.0184,-0.0377,0.0151,0.0326,0.0000,-0.0000
44.7586,0.9500,4.4300,0.9763,4.4839,-0.0263,-0.0539,-0.0033,-0.0052,-0.0184,-0.0377,0.0151,0.0325,-0.0000,-0.0000
44.8089,0.9500,4.4300,0.9765,4.4837,-0.0265,-0.0537,-0.0039,-0.0048,-0.0185,-0.0376,0.0151,0.0325,-0.0004,0.0003
44.8593,0.9500,4.4300,0.9765,4.4836,-0.0265,-0.0536,-0.0036,-0.0050,-0.0186,-0.0376,0.0151,0.0324,-0.0001,0.0001
44.9095,0.9500,4.4300,0.9766,4.4836,-0.0266,-0.0536,-0.0036,-0.0051,-0.0186,-0.0375,0.0150,0.0324,-0.0000,0.0000
44.9598,0.9500,4.4300,0.9766,4.4836,-0.0266,-0.0536,-0.0036,-0.0052,-0.0186,-0.0375,0.0150,0.0323,0.0000,-0.0000
45.0101,0.9500,4.4300,0.9766,4.4836,-0.0266,-0.0536,-0.0037,-0.0052,-0.0186,-0.0375,0.0150,0.0323,-0.0000,0.0000
45.0603,0.9500,4.4300,0.9766,4.4836,-0.0266,-0.0536,-0.0036,-0.0053,-0.0186,-0.0375,0.0150,0.0322,-0.0000,-0.0000
45.1106,0.9500,4.4300,0.9766,4.4836,-0.0266,-0.0536,-0.0037,-0.0054,-0.0186,-0.0375,0.0149,0.0321,-0.0000,0.0000
45.1608,0.9500,4.4300,0.9766,4.4836,-0.0266,-0.0536,-0.0038,-0.0053,-0.0186,-0.0375,0.0149,0.0321,-0.0001,0.0001
45.2112,0.9500,4.4300,0.9766,4.4836,-0.0266,-0.0536,-0.0038,-0.0054,-0.0186,-0.0375,0.0149,0.0320,0.0000,0.0000
45.2615,0.9500,4.4300,0.9766,4.4835,-0.0266,-0.0535,-0.0036,-0.0054,-0.0186,-0.0375,0.0148,0.0320,0.0001,0.0001
45.3117,0.9500,4.4300,0.9765,4.4834,-0.0265,-0.0534,-0.0036,-0.0053,-0.0185,-0.0374,0.0148,0.0319,0.0001,0.0002
45.3620,0.9500,4.4300,0.9765,4.4834,-0.0265,-0.0534,-0.0037,-0.0053,-0.0185,-0.0373,0.0148,0.0319,0.0000,0.0002
45.4123,0.9500,4.4300,0.9764,4.4833,-0.0264,-0.0533,-0.0036,-0.0053,-0.0185,-0.0373,0.0148,0.0318,0.0001,0.0002
45.4626,0.9500,4.4300,0.9763,4.4832,-0.0263,-0.0532,-0.0036,-0.0052,-0.0184,-0.0372,0.0147,0.0318,0.0001,0.0002
45.5129,0.9500,4.4300,0.9763,4.4831,-0.0263,-0.0531,-0.0036,-0.0053,-0.0184,-0.0372,0.0147,0.0317,0.0001,0.0001
45.5631,0.9500,4.4300,0.9763,4.4830,-0.0263,-0.0530,-0.0036,-0.0053,-0.0184,-0.0371,0.0147,0.0317,0.0001,0.0002
45.6133,0.9500,4.4300,0.9762,4.4829,-0.0262,-0.0529,-0.0035,-0.0051,-0.0183,-0.0370,0.0147,0.0316,0.0001,0.0003
45.6636,0.9500,4.4300,0.9762,4.4827,-0.0262,-0.0527,-0.0036,-0.0051,-0.0183,-0.0369,0.0146,0.0316,0.0001,0.0003
45.7139,0.9500,4.4300,0.9761,4.4825,-0.0261,-0.0525,-0.0036,-0.0049,-0.0183,-0.0368,0.0146,0.0315,0.0001,0.0004
45.7641,0.9500,4.4300,0.9761,4.4824,-0.0261,-0.0524,-0.0035,-0.0051,-0.0182,-0.0367,0.0146,0.0315,0.0001,0.0002
45.8143,0.9500,4.4300,0.9759,4.4823,-0.0259,-0.0523,-0.0033,-0.0049,-0.0181,-0.0366,0.0146,0.0314,0.0003,0.0003
45.8648,0.9500,4.4300,0.9758,4.4822,-0.0258,-0.0522,-0.0033,-0.0049,-0.0181,-0.0365,0.0145,0.0313,0.0002,0.0003
45.9151,0.9500,4.4300,0.9757,4.4820,-0.0257,-0.0520,-0.0033,-0.0048,-0.0180,-0.0364,0.0145,0.0313,0.0002,0.0003
45.9654,0.9500,4.4300,0.9756,4.4818,-0.0256,-0.0518,-0.0033,-0.0045,-0.0180,-0.0362,0.0145,0.0312,0.0002,0.0005
46.0156,0.9500,4.4300,0.9755,4.4816,-0.0255,-0.0516,-0.0032,-0.0046,-0.0179,-0.0361,0.0145,0.0312,0.0002,0.0003
46.0659,0.9500,4.4300,0.9755,4.4815,-0.0255,-0.0515,-0.0033,-0.0048,-0.0178,-0.0361,0.0144,0.0311,0.0001,0.0002
46.1161,0.9500,4.4300,0.9754,4.4814,-0.0254,-0.0514,-0.0032,-0.0047,-0.0178,-0.0360,0.0144,0.0311,0.0002,0.0002
46.1664,0.9500,4.4300,0.9753,4.4813,-0.0253,-0.0513,-0.0032,-0.0047,-0.0177,-0.0359,0.0144,0.0310,0.0001,0.0002
46.2167,0.9500,4.4300,0.9752,4.4811,-0.0252,-0.0511,-0.0029,-0.0044,-0.0176,-0.0358,0.0144,0.0310,0.0003,0.0004
46.2670,0.9500,4.4300,0.9751,4.4810,-0.0251,-0.0510,-0.0031,-0.0046,-0.0176,-0.0357,0.0143,0.0309,0.0002,0.0002
46.3172,0.9500,4.4300,0.9750,4.4809,-0.0250,-0.0509,-0.0030,-0.0043,-0.0175,-0.0356,0.0143,0.0309,0.0002,0.0004
46.3675,0.9500,4.4300,0.9750,4.4807,-0.0250,-0.0507,-0.0031,-0.0044,-0.0175,-0.0355,0.0143,0.0308,0.0000,0.0003
46.4178,0.9500,4.4300,0.9749,4.4805,-0.0249,-0.0505,-0.0030,-0.0042,-0.0174,-0.0354,0.0143,0.0308,0.0002,0.0004
46.4680,0.9500,4.4300,0.9744,4.4800,-0.0244,-0.0500,-0.0019,-0.0031,-0.0171,-0.0350,0.0142,0.0307,0.0010,0.0011
46.5184,0.9500,4.4300,0.9742,4.4798,-0.0242,-0.0498,-0.0025,-0.0038,-0.0170,-0.0349,0.0142,0.0307,0.0003,0.0003
46.5687,0.9500,4.4300,0.9741,4.4796,-0.0241,-0.0496,-0.0023,-0.0036,-0.0168,-0.0347,0.0142,0.0306,0.0003,0.0004
46.6189,0.9500,4.4300,0.9740,4.4795,-0.0240,-0.0495,-0.0026,-0.0039,-0.0168,-0.0347,0.0142,0.0306,0.0001,0.0002
46.6692,0.9500,4.4300,0.9739,4.4793,-0.0239,-0.0493,-0.0025,-0.0037,-0.0168,-0.0345,0.0141,0.0305,0.0002,0.0003
46.7195,0.9500,4.4300,0.9739,4.4793,-0.0239,-0.0493,-0.0025,-0.0038,-0.0167,-0.0345,0.0141,0.0305,0.0001,0.0002
46.7697,0.9500,4.4300,0.9738,4.4792,-0.0238,-0.0492,-0.0025,-0.0038,-0.0167,-0.0344,0.0141,0.0304,0.0001,0.0002
46.8200,0.9500,4.4300,0.9737,4.4791,-0.0237,-0.0491,-0.0024,-0.0038,-0.0166,-0.0343,0.0141,0.0304,0.0001,0.0002
46.8703,0.9500,4.4300,0.9737,4.4790,-0.0237,-0.0490,-0.0025,-0.0039,-0.0166,-0.0343,0.0140,0.0303,0.0001,0.0001
46.9205,0.9500,4.4300,0.9736,4.4789,-0.0236,-0.0489,-0.0024,-0.0038,-0.0165,-0.0342,0.0140,0.0303,0.0001,0.0002
46.9709,0.9500,4.4300,0.9736,4.4788,-0.0236,-0.0488,-0.0024,-0.0038,-0.0165,-0.0342,0.0140,0.0302,0.0001,0.0002
47.0211,0.9500,4.4300,0.9735,4.4787,-0.0235,-0.0487,-0.0023,-0.0037,-0.0164,-0.0341,0.0140,0.0302,0.0002,0.0002
47.0714,0.9500,4.4300,0.9734,4.4786,-0.0234,-0.0486,-0.0024,-0.0036,-0.0164,-0.0340,0.0139,0.0301,0.0001,0.0002
47.1215,0.9500,4.4300,0.9734,4.4785,-0.0234,-0.0485,-0.0023,-0.0037,-0.0164,-0.0340,0.0139,0.0301,0.0001,0.0002
47.1718,0.9500,4.4300,0.9733,4.4784,-0.0233,-0.0484,-0.0022,-0.0036,-0.0163,-0.0339,0.0139,0.0300,0.0002,0.0003
47.2222,0.9500,4.4300,0.9732,4.4783,-0.0232,-0.0483,-0.0022,-0.0036,-0.0162,-0.0338,0.0139,0.0300,0.0002,0.0002
47.2724,0.9500,4.4300,0.9731,4.4782,-0.0231,-0.0482,-0.0022,-0.0035,-0.0162,-0.0337,0.0138,0.0299,0.0001,0.0002
47.3227,0.9500,4.4300,0.9730,4.4780,-0.0230,-0.0480,-0.0021,-0.0035,-0.0161,-0.0336,0.0138,0.0299,0.0002,0.0002
47.3730,0.9500,4.4300,0.9730,4.4779,-0.0230,-0.0479,-0.0021,-0.0035,-0.0161,-0.0336,0.0138,0.0298,0.0001,0.0002
47.4232,0.9500,4.4300,0.9729,4.4778,-0.0229,-0.0478,-0.0021,-0.0034,-0.0160,-0.0335,0.0138,0.0298,0.0001,0.0003
47.4734,0.9500,4.4300,0.9728,4.4776,-0.0228,-0.0476,-0.0020,-0.0032,-0.0159,-0.0333,0.0138,0.0297,0.0002,0.0004
47.5236,0.9500,4.4300,0.9727,4.4775,-0.0227,-0.0475,-0.0020,-0.0034,-0.0159,-0.0333,0.0137,0.0297,0.0002,0.0002
47.5738,0.9500,4.4300,0.9726,4.4774,-0.0226,-0.0474,-0.0020,-0.0034,-0.0158,-0.0332,0.0137,0.0297,0.0002,0.0002
47.6240,0.9500,4.4300,0.9714,4.4760,-0.0214,-0.0460,0.0012,0.0003,-0.0150,-0.0322,0.0137,0.0296,0.0025,0.0029
47.6743,0.9500,4.4300,0.9713,4.4759,-0.0213,-0.0459,-0.0012,-0.0025,-0.0149,-0.0321,0.0137,0.0296,0.0001,0.0001
47.7246,0.9500,4.4300,0.9714,4.4759,-0.0214,-0.0459,-0.0013,-0.0025,-0.0149,-0.0321,0.0136,0.0295,-0.0000,0.0001
47.7748,0.9500,4.4300,0.9713,4.4759,-0.0213,-0.0459,-0.0012,-0.0026,-0.0149,-0.0321,0.0136,0.0295,0.0001,0.0001
47.8251,0.9500,4.4300,0.9713,4.4758,-0.0213,-0.0458,-0.0012,-0.0025,-0.0149,-0.0321,0.0136,0.0294,0.0001,0.0001
47.8753,0.9500,4.4300,0.9712,4.4757,-0.0212,-0.0457,-0.0011,-0.0025,-0.0148,-0.0320,0.0136,0.0294,0.0001,0.0002
47.9256,0.9500,4.4300,0.9712,4.4757,-0.0212,-0.0457,-0.0012,-0.0026,-0.0148,-0.0320,0.0136,0.0293,0.0001,0.0001
47.9758,0.9500,4.4300,0.9711,4.4756,-0.0211,-0.0456,-0.0012,-0.0025,-0.0148,-0.0319,0.0135,0.0293,0.0001,0.0002
48.0261,0.9500,4.4300,0.9711,4.4755,-0.0211,-0.0455,-0.0012,-0.0025,-0.0148,-0.0319,0.0135,0.0292,0.0001,0.0001
48.0763,0.9500,4.4300,0.9711,4.4755,-0.0211,-0.0455,-0.0012,-0.0026,-0.0148,-0.0319,0.0135,0.0292,0.0000,0.0001
48.1266,0.9500,4.4300,0.9711,4.4755,-0.0211,-0.0455,-0.0012,-0.0026,-0.0147,-0.0318,0.0135,0.0291,0.0001,0.0001
48.1768,0.9500,4.4300,0.9710,4.4754,-0.0210,-0.0454,-0.0012,-0.0026,-0.0147,-0.0318,0.0135,0.0291,0.0000,0.0001
48.2273,0.9500,4.4300,0.9710,4.4754,-0.0210,-0.0454,-0.0012,-0.0026,-0.0147,-0.0318,0.0134,0.0291,0.0001,0.0001
48.2775,0.9500,4.4300,0.9709,4.4753,-0.0209,-0.0453,-0.0011,-0.0024,-0.0147,-0.0317,0.0134,0.0290,0.0001,0.0002
48.3279,0.9500,4.4300,0.9709,4.4752,-0.0209,-0.0452,-0.0012,-0.0024,-0.0146,-0.0316,0.0134,0.0290,0.0001,0.0002
48.3781,0.9500,4.4300,0.9709,4.4751,-0.0209,-0.0451,-0.0011,-0.0024,-0.0146,-0.0315,0.0134,0.0289,0.0001,0.0002
48.4284,0.9500,4.4300,0.9708,4.4750,-0.0208,-0.0450,-0.0011,-0.0025,-0.0146,-0.0315,0.0133,0.0289,0.0001,0.0001
48.4787,0.9500,4.4300,0.9707,4.4749,-0.0207,-0.0449,-0.0010,-0.0023,-0.0145,-0.0314,0.0133,0.0288,0.0001,0.0002
48.5290,0.9500,4.4300,0.9707,4.4748,-0.0207,-0.0448,-0.0012,-0.0024,-0.0145,-0.0314,0.0133,0.0288,0.0000,0.0002
48.5792,0.9500,4.4300,0.9707,4.4748,-0.0207,-0.0448,-0.0011,-0.0025,-0.0145,-0.0313,0.0133,0.0287,0.0000,0.0001
48.6295,0.9500,4.4300,0.9707,4.4747,-0.0207,-0.0447,-0.0011,-0.0025,-0.0145,-0.0313,0.0133,0.0287,0.0001,0.0001
48.6798,0.9500,4.4300,0.9698,4.4737,-0.0198,-0.0437,0.0011,0.0001,-0.0139,-0.0306,0.0132,0.0287,0.0017,0.0020
48.7301,0.9500,4.4300,0.9693,4.4731,-0.0193,-0.0431,0.0008,-0.0003,-0.0135,-0.0302,0.0132,0.0286,0.0010,0.0012
48.7803,0.9500,4.4300,0.9690,4.4727,-0.0190,-0.0427,0.0005,-0.0006,-0.0133,-0.0299,0.0132,0.0286,0.0006,0.0007
48.8305,0.9500,4.4300,0.9690,4.4727,-0.0190,-0.0427,-0.0001,-0.0014,-0.0133,-0.0299,0.0132,0.0285,-0.0000,0.0000
48.8808,0.9500,4.4300,0.9690,4.4727,-0.0190,-0.0427,-0.0002,-0.0014,-0.0133,-0.0299,0.0132,0.0285,-0.0000,0.0000
48.9311,0.9500,4.4300,0.9690,4.4727,-0.0190,-0.0427,-0.0002,-0.0014,-0.0133,-0.0299,0.0131,0.0284,-0.0000,0.0000
48.9813,0.9500,4.4300,0.9690,4.4727,-0.0190,-0.0427,-0.0003,-0.0014,-0.0133,-0.0299,0.0131,0.0284,-0.0001,0.0000
49.0316,0.9500,4.4300,0.9691,4.4727,-0.0191,-0.0427,-0.0003,-0.0015,-0.0133,-0.0299,0.0131,0.0284,-0.0000,0.0000
49.0817,0.9500,4.4300,0.9691,4.4727,-0.0191,-0.0427,-0.0003,-0.0016,-0.0133,-0.0299,0.0131,0.0283,-0.0000,-0.0000
49.1320,0.9500,4.4300,0.9691,4.4726,-0.0191,-0.0426,-0.0003,-0.0016,-0.0133,-0.0299,0.0131,0.0283,0.0000,0.0000
49.1823,0.9500,4.4300,0.9691,4.4726,-0.0191,-0.0426,-0.0003,-0.0015,-0.0133,-0.0298,0.0131,0.0282,-0.0000,0.0001
49.2327,0.9500,4.4300,0.9691,4.4726,-0.0191,-0.0426,-0.0003,-0.0016,-0.0134,-0.0298,0.0130,0.0282,-0.0000,0.0001
49.2830,0.9500,4.4300,0.9691,4.4725,-0.0191,-0.0425,-0.0004,-0.0015,-0.0134,-0.0298,0.0130,0.0281,-0.0001,0.0001
49.3333,0.9500,4.4300,0.9692,4.4725,-0.0192,-0.0425,-0.0006,-0.0015,-0.0134,-0.0297,0.0130,0.0281,-0.0002,0.0001
49.3835,0.9500,4.4300,0.9693,4.4724,-0.0193,-0.0424,-0.0006,-0.0015,-0.0135,-0.0297,0.0130,0.0281,-0.0001,0.0001
49.4337,0.9500,4.4300,0.9693,4.4723,-0.0193,-0.0423,-0.0006,-0.0015,-0.0135,-0.0296,0.0130,0.0280,-0.0001,0.0001
49.4840,0.9500,4.4300,0.9693,4.4723,-0.0193,-0.0423,-0.0006,-0.0015,-0.0135,-0.0296,0.0129,0.0280,-0.0001,0.0001
49.5343,0.9500,4.4300,0.9693,4.4721,-0.0193,-0.0421,-0.0007,-0.0013,-0.0135,-0.0295,0.0129,0.0279,-0.0000,0.0002
49.5846,0.9500,4.4300,0.9694,4.4721,-0.0194,-0.0421,-0.0007,-0.0015,-0.0135,-0.0295,0.0129,0.0279,-0.0000,0.0001
49.6349,0.9500,4.4300,0.9694,4.4721,-0.0194,-0.0421,-0.0007,-0.0015,-0.0136,-0.0294,0.0129,0.0278,-0.0000,0.0001
49.6851,0.9500,4.4300,0.9693,4.4720,-0.0193,-0.0420,-0.0006,-0.0015,-0.0135,-0.0294,0.0129,0.0278,0.0001,0.0001
49.7354,0.9500,4.4300,0.9693,4.4720,-0.0193,-0.0420,-0.0007,-0.0015,-0.0135,-0.0294,0.0128,0.0278,0.0000,0.0001
49.7856,0.9500,4.4300,0.9693,4.4719,-0.0193,-0.0419,-0.0007,-0.0015,-0.0135,-0.0293,0.0128,0.0277,0.0000,0.0001
49.8359,0.9500,4.4300,0.9693,4.4719,-0.0193,-0.0419,-0.0007,-0.0016,-0.0135,-0.0293,0.0128,0.0277,-0.0000,0.0001
49.8862,0.9500,4.4300,0.9693,4.4719,-0.0193,-0.0419,-0.0008,-0.0017,-0.0135,-0.0293,0.0128,0.0276,-0.0000,0.0000
49.9366,0.9500,4.4300,0.9694,4.4718,-0.0194,-0.0418,-0.0009,-0.0014,-0.0136,-0.0292,0.0128,0.0276,-0.0001,0.0002
49.9868,0.9500,4.4300,0.9694,4.4717,-0.0194,-0.0417,-0.0008,-0.0016,-0.0136,-0.0292,0.0127,0.0275,-0.0000,0.0001
50.0371,0.9500,4.4300,0.9694,4.4717,-0.0194,-0.0417,-0.0009,-0.0015,-0.0136,-0.0292,0.0127,0.0275,-0.0000,0.0001
50.0874,0.9500,4.4300,0.9694,4.4716,-0.0194,-0.0416,-0.0008,-0.0015,-0.0136,-0.0291,0.0127,0.0275,0.0001,0.0002
50.1376,0.9500,4.4300,0.9693,4.4715,-0.0193,-0.0415,-0.0007,-0.0014,-0.0135,-0.0290,0.0127,0.0274,0.0001,0.0002
50.1881,0.9500,4.4300,0.9693,4.4715,-0.0193,-0.0415,-0.0008,-0.0016,-0.0135,-0.0290,0.0127,0.0274,0.0000,0.0001
50.2385,0.9500,4.4300,0.9693,4.4714,-0.0193,-0.0414,-0.0009,-0.0015,-0.0135,-0.0290,0.0126,0.0273,-0.0000,0.0001
